iso_code,location,year_mon,Year,Month_num,monthly_new_cases_per_million,monthly_new_cases
ALB,Albania,Feb 2020,2020,2,0,0
ALB,Albania,Mar 2020,2020,3,85.4936006456702,243
ALB,Albania,Apr 2020,2020,4,186.4675240419967,530
ALB,Albania,May 2020,2020,5,128.0644882099751,364
ALB,Albania,Jun 2020,2020,6,491.8520728503989,1398
ALB,Albania,Jul 2020,2020,7,964.3537422624773,2741
ALB,Albania,Aug 2020,2020,8,1490.6847157847924,4237
ALB,Albania,Sep 2020,2020,9,1455.150338561695,4136
ALB,Albania,Oct 2020,2020,10,2542.291186278242,7226
ALB,Albania,Nov 2020,2020,11,6089.044223763844,17307
ALB,Albania,Dec 2020,2020,12,7083.654960493513,20134
ALB,Albania,Jan 2021,2021,1,6970.015318483013,19811
ALB,Albania,Feb 2021,2021,2,10217.013015433178,29040
ALB,Albania,Mar 2021,2021,3,6329.341051916077,17990
ALB,Albania,Apr 2021,2021,4,2085.62166513388,5928
ALB,Albania,May 2021,2021,5,432.7453859842565,1230
ALB,Albania,Jun 2021,2021,6,72.47605651443645,206
ALB,Albania,Jul 2021,2021,7,197.02228955380784,560
ALB,Albania,Aug 2021,2021,8,4681.390330005299,13306
ALB,Albania,Sep 2021,2021,9,8353.745077081454,23744
ALB,Albania,Oct 2021,2021,10,5336.84126828877,15169
ALB,Albania,Nov 2021,2021,11,5152.484697349136,14645
ALB,Albania,Dec 2021,2021,12,3616.414489863555,10279
ALB,Albania,Jan 2022,2022,1,16999.857158840074,48319
ALB,Albania,Feb 2022,2022,2,4580.768232126033,13020
ALB,Albania,Mar 2022,2022,3,743.7591430656247,2114
ALB,Albania,Apr 2022,2022,4,503.1104893963307,1430
ALB,Albania,May 2022,2022,5,349.7145639580089,994
ALB,Albania,Jun 2022,2022,6,1671.171206036763,4750
ALB,Albania,Jul 2022,2022,7,10993.140106068357,31246
ALB,Albania,Aug 2022,2022,8,6070.749296876704,17255
ALB,Albania,Sep 2022,2022,9,1009.3874084462049,2869
ALB,Albania,Oct 2022,2022,10,262.1100102099765,745
ALB,Albania,Nov 2022,2022,11,31.312471018373035,89
AUT,Austria,Feb 2020,2020,2,0.44744646219183665,4
AUT,Austria,Mar 2020,2020,3,1035.9504215896497,9261
AUT,Austria,Apr 2020,2020,4,686.6065962333734,6138
AUT,Austria,May 2020,2020,5,135.12883158193466,1208
AUT,Austria,Jun 2020,2020,6,113.98698624337038,1019
AUT,Austria,Jul 2020,2020,7,362.8790808375795,3244
AUT,Austria,Aug 2020,2020,8,700.0299900991284,6258
AUT,Austria,Sep 2020,2020,9,1912.8336258701017,17100
AUT,Austria,Oct 2020,2020,10,6402.51142750299,57236
AUT,Austria,Nov 2020,2020,11,19803.197385301854,177033
AUT,Austria,Dec 2020,2020,12,8676.322486746358,77563
AUT,Austria,Jan 2021,2021,1,5953.61076430903,53223
AUT,Austria,Feb 2021,2021,2,4850.319650159509,43360
AUT,Austria,Mar 2021,2021,3,9469.75692582803,84656
AUT,Austria,Apr 2021,2021,4,8307.626601900283,74267
AUT,Austria,May 2021,2021,5,3149.240062521694,28153
AUT,Austria,Jun 2021,2021,6,695.1080790150182,6214
AUT,Austria,Jul 2021,2021,7,929.2344403568967,8307
AUT,Austria,Aug 2021,2021,8,3174.297064404437,28377
AUT,Austria,Sep 2021,2021,9,6161.561507612687,55082
AUT,Austria,Oct 2021,2021,10,9458.79448750433,84558
AUT,Austria,Nov 2021,2021,11,36427.958826423994,325652
AUT,Austria,Dec 2021,2021,12,13747.680689228633,122899
AUT,Austria,Jan 2022,2022,1,63178.4337069474,564791
AUT,Austria,Feb 2022,2022,2,93485.10120735598,835721
AUT,Austria,Mar 2022,2022,3,130959.18986238448,1170725
AUT,Austria,Apr 2022,2022,4,37215.91204634382,332696
AUT,Austria,May 2022,2022,5,12686.113957678499,113409
AUT,Austria,Jun 2022,2022,6,19197.019290647462,171614
AUT,Austria,Jul 2022,2022,7,35155.42108795041,314276
AUT,Austria,Aug 2022,2022,8,20355.122596415484,181967
AUT,Austria,Sep 2022,2022,9,21080.43331162845,188451
AUT,Austria,Oct 2022,2022,10,34457.85205339333,308040
AUT,Austria,Nov 2022,2022,11,2984.803487666194,26683
BLR,Belarus,Feb 2020,2020,2,0.10487725375974466,1
BLR,Belarus,Mar 2020,2020,3,15.836465317721446,151
BLR,Belarus,Apr 2020,2020,4,1455.1718959164573,13875
BLR,Belarus,May 2020,2020,5,2992.0431725117555,28529
BLR,Belarus,Jun 2020,2020,6,2051.608838048125,19562
BLR,Belarus,Jul 2020,2020,7,596.7515738929471,5690
BLR,Belarus,Aug 2020,2020,8,423.17971892056977,4035
BLR,Belarus,Sep 2020,2020,9,711.9067985211468,6788
BLR,Belarus,Oct 2020,2020,10,2081.9183643846914,19851
BLR,Belarus,Nov 2020,2020,11,4002.640389740656,38165
BLR,Belarus,Dec 2020,2020,12,6044.810274950404,57637
BLR,Belarus,Jan 2021,2021,1,5668.825320221718,54052
BLR,Belarus,Feb 2021,2021,2,4087.0665790172493,38970
BLR,Belarus,Mar 2021,2021,3,3618.370131964951,34501
BLR,Belarus,Apr 2021,2021,4,3873.2218586011304,36931
BLR,Belarus,May 2021,2021,5,3744.2228364766447,35701
BLR,Belarus,Jun 2021,2021,6,2385.957523034191,22750
BLR,Belarus,Jul 2021,2021,7,3025.813648222393,28851
BLR,Belarus,Aug 2021,2021,8,3722.303490440858,35492
BLR,Belarus,Sep 2021,2021,9,5931.2282091286,56554
BLR,Belarus,Oct 2021,2021,10,6510.989667912469,62082
BLR,Belarus,Nov 2021,2021,11,5721.0541925940715,54550
BLR,Belarus,Dec 2021,2021,12,4655.711048902585,44392
BLR,Belarus,Jan 2022,2022,1,4598.133436588486,43843
BLR,Belarus,Feb 2022,2022,2,18540.515551408942,176783
BLR,Belarus,Mar 2022,2022,3,4506.680471309988,42971
BLR,Belarus,Apr 2022,2022,4,1849.8250018143765,17638
BLR,Belarus,May 2022,2022,5,264.50043398207606,2522
BLR,Belarus,Jun 2022,2022,6,0,0
BLR,Belarus,Jul 2022,2022,7,1171.478924496348,11170
BLR,Belarus,Aug 2022,2022,8,0,0
BLR,Belarus,Sep 2022,2022,9,0,0
BLR,Belarus,Oct 2022,2022,10,0,0
BLR,Belarus,Nov 2022,2022,11,0,0
BEL,Belgium,Feb 2020,2020,2,0.085793291530838,1
BEL,Belgium,Mar 2020,2020,3,1095.923506014925,12774
BEL,Belgium,Apr 2020,2020,4,3066.595412478274,35744
BEL,Belgium,May 2020,2020,5,846.0934410771245,9862
BEL,Belgium,Jun 2020,2020,6,261.3263660029326,3046
BEL,Belgium,Jul 2020,2020,7,628.3500671718575,7324
BEL,Belgium,Aug 2020,2020,8,1414.3024108858647,16485
BEL,Belgium,Sep 2020,2020,9,2849.709971488315,33216
BEL,Belgium,Oct 2020,2020,10,26662.581762079244,310777
BEL,Belgium,Nov 2020,2020,11,12707.359168381603,148116
BEL,Belgium,Dec 2020,2020,12,5932.6919026489795,69151
BEL,Belgium,Jan 2021,2021,1,5461.343558978556,63657
BEL,Belgium,Feb 2021,2021,2,5264.104781749159,61358
BEL,Belgium,Mar 2021,2021,3,9518.079349014231,110942
BEL,Belgium,Apr 2021,2021,4,9246.457788027597,107776
BEL,Belgium,May 2021,2021,5,6157.556119751306,71772
BEL,Belgium,Jun 2021,2021,6,1984.3988331082833,23130
BEL,Belgium,Jul 2021,2021,7,3396.041651956692,39584
BEL,Belgium,Aug 2021,2021,8,5143.222033982208,59949
BEL,Belgium,Sep 2021,2021,9,5172.477546394224,60290
BEL,Belgium,Oct 2021,2021,10,9925.940656951834,115696
BEL,Belgium,Nov 2021,2021,11,34779.31348722877,405385
BEL,Belgium,Dec 2021,2021,12,29110.350162745584,339308
BEL,Belgium,Jan 2022,2022,1,90074.03360506071,1049896
BEL,Belgium,Feb 2022,2022,2,34495.337692261695,402075
BEL,Belgium,Mar 2022,2022,3,25200.406694519173,293734
BEL,Belgium,Apr 2022,2022,4,17621.942080434128,205400
BEL,Belgium,May 2022,2022,5,8245.593249028841,96110
BEL,Belgium,Jun 2022,2022,6,8023.3886239639705,93520
BEL,Belgium,Jul 2022,2022,7,14428.458389781745,168177
BEL,Belgium,Aug 2022,2022,8,5839.091421588835,68060
BEL,Belgium,Sep 2022,2022,9,5335.4848003028155,62190
BEL,Belgium,Oct 2022,2022,10,5811.122808549782,67734
BEL,Belgium,Nov 2022,2022,11,435.48674781053376,5076
BIH,Bosnia and Herzegovina,Mar 2020,2020,3,129.88900675113575,420
BIH,Bosnia and Herzegovina,Apr 2020,2020,4,413.4800048244488,1337
BIH,Bosnia and Herzegovina,May 2020,2020,5,232.8724335323934,753
BIH,Bosnia and Herzegovina,Jun 2020,2020,6,600.8912859939446,1943
BIH,Bosnia and Herzegovina,Jul 2020,2020,7,2295.6335645563827,7423
BIH,Bosnia and Herzegovina,Aug 2020,2020,8,2501.2911585790143,8088
BIH,Bosnia and Herzegovina,Sep 2020,2020,9,2320.9928468268427,7505
BIH,Bosnia and Herzegovina,Oct 2020,2020,10,6995.7600517081955,22621
BIH,Bosnia and Herzegovina,Nov 2020,2020,11,11693.412462540939,37811
BIH,Bosnia and Herzegovina,Dec 2020,2020,12,7138.947218674329,23084
BIH,Bosnia and Herzegovina,Jan 2021,2021,1,3250.9362832569977,10512
BIH,Bosnia and Herzegovina,Feb 2021,2021,2,2932.3989571768316,9482
BIH,Bosnia and Herzegovina,Mar 2021,2021,3,11951.953437883674,38647
BIH,Bosnia and Herzegovina,Apr 2021,2021,4,8917.498832545238,28835
BIH,Bosnia and Herzegovina,May 2021,2021,5,1716.6997058941777,5551
BIH,Bosnia and Herzegovina,Jun 2021,2021,6,312.3521352824931,1010
BIH,Bosnia and Herzegovina,Jul 2021,2021,7,195.7612887463546,633
BIH,Bosnia and Herzegovina,Aug 2021,2021,8,2535.3097079662166,8198
BIH,Bosnia and Herzegovina,Sep 2021,2021,9,6470.328093445863,20922
BIH,Bosnia and Herzegovina,Oct 2021,2021,10,5561.414305727796,17983
BIH,Bosnia and Herzegovina,Nov 2021,2021,11,6898.652556184727,22307
BIH,Bosnia and Herzegovina,Dec 2021,2021,12,5024.849004029652,16248
BIH,Bosnia and Herzegovina,Jan 2022,2022,1,17366.160202626852,56154
BIH,Bosnia and Herzegovina,Feb 2022,2022,2,7340.275179138589,23735
BIH,Bosnia and Herzegovina,Mar 2022,2022,3,1310.6419300269365,4238
BIH,Bosnia and Herzegovina,Apr 2022,2022,4,509.3504621883824,1647
BIH,Bosnia and Herzegovina,May 2022,2022,5,252.6650440849474,817
BIH,Bosnia and Herzegovina,Jun 2022,2022,6,251.1187463855291,812
BIH,Bosnia and Herzegovina,Jul 2022,2022,7,1935.96471967169,6260
BIH,Bosnia and Herzegovina,Aug 2022,2022,8,3362.8882366948815,10874
BIH,Bosnia and Herzegovina,Sep 2022,2022,9,896.852665662604,2900
BIH,Bosnia and Herzegovina,Oct 2022,2022,10,375.1318218788754,1213
BIH,Bosnia and Herzegovina,Nov 2022,2022,11,24.740763190692526,80
BGR,Bulgaria,Mar 2020,2020,3,58.8325932566642,399
BGR,Bulgaria,Apr 2020,2020,4,163.22727001285025,1107
BGR,Bulgaria,May 2020,2020,5,148.48225917158106,1007
BGR,Bulgaria,Jun 2020,2020,6,365.0864684298259,2476
BGR,Bulgaria,Jul 2020,2020,7,988.0631764734504,6701
BGR,Bulgaria,Aug 2020,2020,8,674.7316960964795,4576
BGR,Bulgaria,Sep 2020,2020,9,673.4046451207654,4567
BGR,Bulgaria,Oct 2020,2020,10,4720.025420398691,32011
BGR,Bulgaria,Nov 2020,2020,11,13632.647223403872,92456
BGR,Bulgaria,Dec 2020,2020,12,8399.642875837424,56966
BGR,Bulgaria,Jan 2021,2021,1,2430.272686857993,16482
BGR,Bulgaria,Feb 2021,2021,2,4171.363566995063,28290
BGR,Bulgaria,Mar 2021,2021,3,14095.493113711313,95595
BGR,Bulgaria,Apr 2021,2021,4,9104.601844158506,61747
BGR,Bulgaria,May 2021,2021,5,2093.3491891349913,14197
BGR,Bulgaria,Jun 2021,2021,6,479.507752558075,3252
BGR,Bulgaria,Jul 2021,2021,7,475.5265996309324,3225
BGR,Bulgaria,Aug 2021,2021,8,4524.948926968699,30688
BGR,Bulgaria,Sep 2021,2021,9,6844.634032517172,46420
BGR,Bulgaria,Oct 2021,2021,10,14793.66937704541,100330
BGR,Bulgaria,Nov 2021,2021,11,13648.719285220854,92565
BGR,Bulgaria,Dec 2021,2021,12,7674.925592989042,52051
BGR,Bulgaria,Jan 2022,2022,1,30206.18685909889,204857
BGR,Bulgaria,Feb 2022,2022,2,20541.8644034058,139314
BGR,Bulgaria,Mar 2022,2022,3,7025.112965214308,47644
BGR,Bulgaria,Apr 2022,2022,4,2625.4966303963974,17806
BGR,Bulgaria,May 2022,2022,5,1244.184014786297,8438
BGR,Bulgaria,Jun 2022,2022,6,1042.7671666945594,7072
BGR,Bulgaria,Jul 2022,2022,7,5079.508784708834,34449
BGR,Bulgaria,Aug 2022,2022,8,5340.937826924537,36222
BGR,Bulgaria,Sep 2022,2022,9,2441.9212454225953,16561
BGR,Bulgaria,Oct 2022,2022,10,2891.644076081307,19611
BGR,Bulgaria,Nov 2022,2022,11,319.96673525554206,2170
HRV,Croatia,Feb 2020,2020,2,1.4887003918507549,6
HRV,Croatia,Mar 2020,2020,3,213.62850623058333,861
HRV,Croatia,Apr 2020,2020,4,299.9731289579271,1209
HRV,Croatia,May 2020,2020,5,42.179844435771386,170
HRV,Croatia,Jun 2020,2020,6,131.7499846787918,531
HRV,Croatia,Jul 2020,2020,7,586.0517209252471,2362
HRV,Croatia,Aug 2020,2020,8,1272.8388350323953,5130
HRV,Croatia,Sep 2020,2020,9,1569.0902130106956,6324
HRV,Croatia,Oct 2020,2020,10,8119.123820422042,32723
HRV,Croatia,Nov 2020,2020,11,19632.484534263804,79126
HRV,Croatia,Dec 2020,2020,12,20443.57813109049,82395
HRV,Croatia,Jan 2021,2021,1,5356.592126610991,21589
HRV,Croatia,Feb 2021,2021,2,2616.8871721416517,10547
HRV,Croatia,Mar 2021,2021,3,7110.77742167513,28659
HRV,Croatia,Apr 2021,2021,4,15023.716237825842,60551
HRV,Croatia,May 2021,2021,5,5954.305333939069,23998
HRV,Croatia,Jun 2021,2021,6,915.7988577201894,3691
HRV,Croatia,Jul 2021,2021,7,928.7009277828959,3743
HRV,Croatia,Aug 2021,2021,8,2576.1960280977314,10383
HRV,Croatia,Sep 2021,2021,9,7640.010410978074,30792
HRV,Croatia,Oct 2021,2021,10,16266.036714825297,65558
HRV,Croatia,Nov 2021,2021,11,34204.62831989492,137857
HRV,Croatia,Dec 2021,2021,12,26558.414990617464,107040
HRV,Croatia,Jan 2022,2022,1,55062.56139338387,221922
HRV,Croatia,Feb 2022,2022,2,29185.226832038123,117627
HRV,Croatia,Mar 2022,2022,3,11011.916798520033,44382
HRV,Croatia,Apr 2022,2022,4,5776.901870576854,23283
HRV,Croatia,May 2022,2022,5,3483.807033662741,14041
HRV,Croatia,Jun 2022,2022,6,2984.348052196813,12028
HRV,Croatia,Jul 2022,2022,7,9480.788445501532,38211
HRV,Croatia,Aug 2022,2022,8,6679.054308038412,26919
HRV,Croatia,Sep 2022,2022,9,4644.99333930633,18721
HRV,Croatia,Oct 2022,2022,10,3614.5645514136327,14568
HRV,Croatia,Nov 2022,2022,11,412.3700085426591,1662
CYP,Cyprus,Mar 2020,2020,3,256.69442314624774,230
CYP,Cyprus,Apr 2020,2020,4,684.1464408202168,613
CYP,Cyprus,May 2020,2020,5,111.6062709331512,100
CYP,Cyprus,Jun 2020,2020,6,59.15132359457013,53
CYP,Cyprus,Jul 2020,2020,7,98.21351842117305,88
CYP,Cyprus,Aug 2020,2020,8,449.77327186059927,403
CYP,Cyprus,Sep 2020,2020,9,285.71205358886704,256
CYP,Cyprus,Oct 2020,2020,10,2761.1391428861607,2474
CYP,Cyprus,Nov 2020,2020,11,6881.642665738103,6166
CYP,Cyprus,Dec 2020,2020,12,13351.458191732878,11963
CYP,Cyprus,Jan 2021,2021,1,9911.752921573157,8881
CYP,Cyprus,Feb 2021,2021,2,4138.360526201246,3708
CYP,Cyprus,Mar 2021,2021,3,12466.420463232987,11170
CYP,Cyprus,Apr 2021,2021,4,22429.512269435396,20097
CYP,Cyprus,May 2021,2021,5,8126.052586642738,7281
CYP,Cyprus,Jun 2021,2021,6,3425.19645493841,3069
CYP,Cyprus,Jul 2021,2021,7,29435.037895909296,26374
CYP,Cyprus,Aug 2021,2021,8,13821.320592361444,12384
CYP,Cyprus,Sep 2021,2021,9,5393.931074199198,4833
CYP,Cyprus,Oct 2021,2021,10,4323.626935950277,3874
CYP,Cyprus,Nov 2021,2021,11,11669.551688770289,10456
CYP,Cyprus,Dec 2021,2021,12,36109.09289771174,32354
CYP,Cyprus,Jan 2022,2022,1,100355.24276038022,89919
CYP,Cyprus,Feb 2022,2022,2,73403.44439273354,65770
CYP,Cyprus,Mar 2022,2022,3,120769.1457767629,108210
CYP,Cyprus,Apr 2022,2022,4,55238.407735653855,49494
CYP,Cyprus,May 2022,2022,5,10873.79897701692,9743
CYP,Cyprus,Jun 2022,2022,6,16466.389213477127,14754
CYP,Cyprus,Jul 2022,2022,7,64948.15330683801,58194
CYP,Cyprus,Aug 2022,2022,8,14918.41023563432,13367
CYP,Cyprus,Sep 2022,2022,9,13075.790702527995,11716
CYP,Cyprus,Oct 2022,2022,10,12415.08157860374,11124
CYP,Cyprus,Nov 2022,2022,11,3955.3262418708778,3544
CZE,Czechia,Mar 2020,2020,3,315.22804957885415,3308
CZE,Czechia,Apr 2020,2020,4,416.81000267772316,4374
CZE,Czechia,May 2020,2020,5,151.13412534221968,1586
CZE,Czechia,Jun 2020,2020,6,255.95602816469236,2686
CZE,Czechia,Jul 2020,2020,7,440.2519918543852,4620
CZE,Czechia,Aug 2020,2020,8,766.5339875490638,8044
CZE,Czechia,Sep 2020,2020,9,4397.278823402729,46145
CZE,Czechia,Oct 2020,2020,10,25189.56088199055,264339
CZE,Czechia,Nov 2020,2020,11,17933.69347598006,188196
CZE,Czechia,Dec 2020,2020,12,18616.655819187934,195363
CZE,Czechia,Jan 2021,2021,1,25358.610023451518,266113
CZE,Czechia,Feb 2021,2021,2,23890.436335464394,250706
CZE,Czechia,Mar 2021,2021,3,28498.78835409601,299066
CZE,Czechia,Apr 2021,2021,4,9379.273279276997,98426
CZE,Czechia,May 2021,2021,5,2907.759584295392,30514
CZE,Czechia,Jun 2021,2021,6,573.1852231610665,6015
CZE,Czechia,Jul 2021,2021,7,599.2954062277552,6289
CZE,Czechia,Aug 2021,2021,8,534.8775823113992,5613
CZE,Czechia,Sep 2021,2021,9,1172.0994588331034,12300
CZE,Czechia,Oct 2021,2021,10,6909.57395614061,72509
CZE,Czechia,Nov 2021,2021,11,36891.59223517461,387140
CZE,Czechia,Dec 2021,2021,12,31035.57369503878,325687
CZE,Czechia,Jan 2022,2022,1,51241.23426837647,537725
CZE,Czechia,Feb 2022,2022,2,53447.16356695595,560874
CZE,Czechia,Mar 2022,2022,3,23604.653711314764,247707
CZE,Czechia,Apr 2022,2022,4,7915.578345319559,83066
CZE,Czechia,May 2022,2022,5,1448.2575264508541,15198
CZE,Czechia,Jun 2022,2022,6,1282.543627352418,13459
CZE,Czechia,Jul 2022,2022,7,4888.321791806548,51298
CZE,Czechia,Aug 2022,2022,8,5493.811219564723,57652
CZE,Czechia,Sep 2022,2022,9,6226.230442377018,65338
CZE,Czechia,Oct 2022,2022,10,5405.760821193846,56728
CZE,Czechia,Nov 2022,2022,11,456.2611551945447,4788
DNK,Denmark,Feb 2020,2020,2,0.510008144830073,3
DNK,Denmark,Mar 2020,2020,3,485.6977565931728,2857
DNK,Denmark,Apr 2020,2020,4,1070.6770987132663,6298
DNK,Denmark,May 2020,2020,5,426.876817222771,2511
DNK,Denmark,Jun 2020,2020,6,186.83298372275004,1099
DNK,Denmark,Jul 2020,2020,7,173.57277195716816,1021
DNK,Denmark,Aug 2020,2020,8,543.3286769589711,3196
DNK,Denmark,Sep 2020,2020,9,1872.2398996711977,11013
DNK,Denmark,Oct 2020,2020,10,3120.059827355443,18353
DNK,Denmark,Nov 2020,2020,11,5802.192661016797,34130
DNK,Denmark,Dec 2020,2020,12,14109.885334868799,82998
DNK,Denmark,Jan 2021,2021,1,5948.905004012914,34993
DNK,Denmark,Feb 2021,2021,2,2162.9445422243393,12723
DNK,Denmark,Mar 2021,2021,3,3639.5881242223436,21409
DNK,Denmark,Apr 2021,2021,4,3391.7241658349285,19951
DNK,Denmark,May 2021,2021,5,5214.493275457608,30673
DNK,Denmark,Jun 2021,2021,6,2116.5338010448027,12450
DNK,Denmark,Jul 2021,2021,7,3932.162796639862,23130
DNK,Denmark,Aug 2021,2021,8,4910.698423853829,28886
DNK,Denmark,Sep 2021,2021,9,2227.5455739028152,13103
DNK,Denmark,Oct 2021,2021,10,4927.868698063108,28987
DNK,Denmark,Nov 2021,2021,11,16935.3304572274,99618
DNK,Denmark,Dec 2021,2021,12,53550.17519629789,314996
DNK,Denmark,Jan 2022,2022,1,159831.79251372645,940172
DNK,Denmark,Feb 2022,2022,2,173788.50540243127,1022269
DNK,Denmark,Mar 2022,2022,3,49969.74801687583,293935
DNK,Denmark,Apr 2022,2022,4,9840.097146351427,57882
DNK,Denmark,May 2022,2022,5,3441.024953168502,20241
DNK,Denmark,Jun 2022,2022,6,5927.994670074881,34870
DNK,Denmark,Jul 2022,2022,7,9843.157195220407,57900
DNK,Denmark,Aug 2022,2022,8,7401.748205918849,43539
DNK,Denmark,Sep 2022,2022,9,4476.001481743663,26329
DNK,Denmark,Oct 2022,2022,10,5960.295185914119,35060
DNK,Denmark,Nov 2022,2022,11,487.9077918874364,2870
EST,Estonia,Jan 2020,2020,1,0,0
EST,Estonia,Feb 2020,2020,2,0.7541114154369623,1
EST,Estonia,Mar 2020,2020,3,561.0588930851,744
EST,Estonia,Apr 2020,2020,4,711.8811761724925,944
EST,Estonia,May 2020,2020,5,135.74005477865322,180
EST,Estonia,Jun 2020,2020,6,90.49336985243548,120
EST,Estonia,Jul 2020,2020,7,56.558356157772174,75
EST,Estonia,Aug 2020,2020,8,234.52865020089527,311
EST,Estonia,Sep 2020,2020,9,751.0949697752145,996
EST,Estonia,Oct 2020,2020,10,1156.8069112803003,1534
EST,Estonia,Nov 2020,2020,11,5582.6868084798325,7403
EST,Estonia,Dec 2020,2020,12,11825.975216882443,15682
EST,Estonia,Jan 2021,2021,1,12230.178935556654,16218
EST,Estonia,Feb 2021,2021,2,16131.951399027497,21392
EST,Estonia,Mar 2021,2021,3,30785.84442379855,40824
EST,Estonia,Apr 2021,2021,4,11760.367523739427,15595
EST,Estonia,May 2021,2021,5,5674.688401163142,7525
EST,Estonia,Jun 2021,2021,6,1146.2493514641826,1520
EST,Estonia,Jul 2021,2021,7,1879.9997586843472,2493
EST,Estonia,Aug 2021,2021,8,6333.781778255046,8399
EST,Estonia,Sep 2021,2021,9,10784.547352163998,14301
EST,Estonia,Oct 2021,2021,10,28439.049698958723,37712
EST,Estonia,Nov 2021,2021,11,21578.898152728678,28615
EST,Estonia,Dec 2021,2021,12,14195.393284185378,18824
EST,Estonia,Jan 2022,2022,1,72496.50092303238,96135
EST,Estonia,Feb 2022,2022,2,118310.27763365871,156887
EST,Estonia,Mar 2022,2022,3,46659.88971874661,61874
EST,Estonia,Apr 2022,2022,4,11982.076279877894,15889
EST,Estonia,May 2022,2022,5,3526.979089998673,4677
EST,Estonia,Jun 2022,2022,6,2446.3374316775057,3244
EST,Estonia,Jul 2022,2022,7,5320.25603590777,7055
EST,Estonia,Aug 2022,2022,8,8626.280481183412,11439
EST,Estonia,Sep 2022,2022,9,3133.3329311405782,4155
EST,Estonia,Oct 2022,2022,10,3499.0769676275054,4640
EST,Estonia,Nov 2022,2022,11,502.99231409645387,667
FIN,Finland,Jan 2020,2020,1,0.18048114468361204,1
FIN,Finland,Feb 2020,2020,2,1.2633680127852842,7
FIN,Finland,Mar 2020,2020,3,300.32062475353047,1664
FIN,Finland,Apr 2020,2020,4,661.2829141207545,3664
FIN,Finland,May 2020,2020,5,295.62811499175655,1638
FIN,Finland,Jun 2020,2020,6,51.43712623482943,285
FIN,Finland,Jul 2020,2020,7,37.54007809419131,208
FIN,Finland,Aug 2020,2020,8,132.65364134245485,735
FIN,Finland,Sep 2020,2020,9,367.6400917205177,2037
FIN,Finland,Oct 2020,2020,10,1119.8855027618129,6205
FIN,Finland,Nov 2020,2020,11,1638.2273502931464,9077
FIN,Finland,Dec 2020,2020,12,1967.4249581960548,10901
FIN,Finland,Jan 2021,2021,1,1646.7099640932763,9124
FIN,Finland,Feb 2021,2021,2,2264.8578846346477,12549
FIN,Finland,Mar 2021,2021,3,3600.237874148693,19948
FIN,Finland,Apr 2021,2021,4,1640.2126428846661,9088
FIN,Finland,May 2021,2021,5,1007.8067119132896,5584
FIN,Finland,Jun 2021,2021,6,594.5048905878181,3294
FIN,Finland,Jul 2021,2021,7,2066.3286254826744,11449
FIN,Finland,Aug 2021,2021,8,3702.9316454736686,20517
FIN,Finland,Sep 2021,2021,9,2551.1009801028563,14135
FIN,Finland,Oct 2021,2021,10,3124.850539052059,17314
FIN,Finland,Nov 2021,2021,11,5227.8168369055065,28966
FIN,Finland,Dec 2021,2021,12,14878.685086572294,82439
FIN,Finland,Jan 2022,2022,1,39532.77041264307,219041
FIN,Finland,Feb 2022,2022,2,26690.815043825336,147887
FIN,Finland,Mar 2022,2022,3,44383.74261944919,245919
FIN,Finland,Apr 2022,2022,4,25147.701256780452,139337
FIN,Finland,May 2022,2022,5,12485.685589212282,69180
FIN,Finland,Jun 2022,2022,6,9640.761305564503,53417
FIN,Finland,Jul 2022,2022,7,4588.552622436152,25424
FIN,Finland,Aug 2022,2022,8,15839.747182012528,87764
FIN,Finland,Sep 2022,2022,9,6161.987241787882,34142
FIN,Finland,Oct 2022,2022,10,10070.306429911501,55797
FIN,Finland,Nov 2022,2022,11,2162.8860378884065,11984
FRA,France,Jan 2020,2020,1,0.07373217524663413,5
FRA,France,Feb 2020,2020,2,1.4009113296860483,95
FRA,France,Mar 2020,2020,3,768.716912686358,52129
FRA,France,Apr 2020,2020,4,2068.7626266350107,140289
FRA,France,May 2020,2020,5,332.5321103623199,22550
FRA,France,Jun 2020,2020,6,258.7556958105378,17547
FRA,France,Jul 2020,2020,7,339.03528821907304,22991
FRA,France,Aug 2020,2020,8,1377.43500508752,93408
FRA,France,Sep 2020,2020,9,4179.714803946146,283439
FRA,France,Oct 2020,2020,10,11842.729270198928,803091
FRA,France,Nov 2020,2020,11,13297.981213041749,901776
FRA,France,Dec 2020,2020,12,5873.062687095395,398270
FRA,France,Jan 2021,2021,1,8511.376874640555,577182
FRA,France,Feb 2021,2021,2,8248.447937711058,559352
FRA,France,Mar 2021,2021,3,13106.67571114683,888803
FRA,France,Apr 2021,2021,4,14340.259242328168,972456
FRA,France,May 2021,2021,5,5895.757450636308,399809
FRA,France,Jun 2021,2021,6,1597.8499697698082,108355
FRA,France,Jul 2021,2021,7,5193.252031321428,352170
FRA,France,Aug 2021,2021,8,9205.712768938109,624267
FRA,France,Sep 2021,2021,9,3888.826626163125,263713
FRA,France,Oct 2021,2021,10,2264.9786914013534,153595
FRA,France,Nov 2021,2021,11,7502.2635777800715,508751
FRA,France,Dec 2021,2021,12,33883.444177370126,2297738
FRA,France,Jan 2022,2022,1,135348.35503517027,9178378
FRA,France,Feb 2022,2022,2,52484.435137805434,3559127
FRA,France,Mar 2022,2022,3,42951.20404642178,2912650
FRA,France,Apr 2022,2022,4,44699.26120360403,3031191
FRA,France,May 2022,2022,5,13327.975461932077,903810
FRA,France,Jun 2022,2022,6,23167.37203780986,1571049
FRA,France,Jul 2022,2022,7,39872.11891525224,2703848
FRA,France,Aug 2022,2022,8,10957.382802707445,743053
FRA,France,Sep 2022,2022,9,12712.444516538126,862069
FRA,France,Oct 2022,2022,10,20973.264713255572,1422260
FRA,France,Nov 2022,2022,11,1573.1349446271363,106679
DEU,Germany,Jan 2020,2020,1,0.05997372670980297,5
DEU,Germany,Feb 2020,2020,2,0.7316794658595962,61
DEU,Germany,Mar 2020,2020,3,741.8390151642368,61847
DEU,Germany,Apr 2020,2020,4,1165.9612157106214,97206
DEU,Germany,May 2020,2020,5,268.2384900822648,22363
DEU,Germany,Jun 2020,2020,6,153.25686123423048,12777
DEU,Germany,Jul 2020,2020,7,173.192127992569,14439
DEU,Germany,Aug 2020,2020,8,404.01900735325864,33683
DEU,Germany,Sep 2020,2020,9,561.8098823267503,46838
DEU,Germany,Oct 2020,2020,10,2753.2018773215827,229534
DEU,Germany,Nov 2020,2020,11,6418.580148408585,535116
DEU,Germany,Dec 2020,2020,12,7986.917091360617,665868
DEU,Germany,Jan 2021,2021,1,5956.902400196522,496626
DEU,Germany,Feb 2021,2021,2,2710.4885891588615,225973
DEU,Germany,Mar 2021,2021,3,4396.51797340621,366537
DEU,Germany,Apr 2021,2021,4,6869.6785312290385,572724
DEU,Germany,May 2021,2021,5,3592.774077532115,299529
DEU,Germany,Jun 2021,2021,6,563.9329522522773,47015
DEU,Germany,Jul 2021,2021,7,492.07243290859145,41024
DEU,Germany,Aug 2021,2021,8,2083.3793131904777,173691
DEU,Germany,Sep 2021,2021,9,3414.2442878623733,284645
DEU,Germany,Oct 2021,2021,10,4438.643519047176,370049
DEU,Germany,Nov 2021,2021,11,14864.644096714112,1239263
DEU,Germany,Dec 2021,2021,12,15756.405433907516,1313609
DEU,Germany,Jan 2022,2022,1,31967.32775305794,2665111
DEU,Germany,Feb 2022,2022,2,59128.98477435005,4929574
DEU,Germany,Mar 2022,2022,3,79309.11226409934,6611988
DEU,Germany,Apr 2022,2022,4,41414.80900047307,3452746
DEU,Germany,May 2022,2022,5,18605.86514259833,1551168
DEU,Germany,Jun 2022,2022,6,23185.92670922722,1933007
DEU,Germany,Jul 2022,2022,7,30709.126945667642,2560215
DEU,Germany,Aug 2022,2022,8,15957.581302782877,1330381
DEU,Germany,Sep 2022,2022,9,14413.79760354584,1201676
DEU,Germany,Oct 2022,2022,10,26789.759941964625,2233458
DEU,Germany,Nov 2022,2022,11,2447.9356083686857,204084
GRC,Greece,Feb 2020,2020,2,0.3851719580948316,4
GRC,Greece,Mar 2020,2020,3,110.92952393131151,1152
GRC,Greece,Apr 2020,2020,4,138.18043996652085,1435
GRC,Greece,May 2020,2020,5,31.39151458472878,326
GRC,Greece,Jun 2020,2020,6,47.37615084566429,492
GRC,Greece,Jul 2020,2020,7,102.84091281132005,1068
GRC,Greece,Aug 2020,2020,8,562.3510588184542,5840
GRC,Greece,Sep 2020,2020,9,785.5582085344091,8158
GRC,Greece,Oct 2020,2020,10,2000.5831503445556,20776
GRC,Greece,Nov 2020,2020,11,6357.263168355196,66020
GRC,Greece,Dec 2020,2020,12,3233.422295216588,33579
GRC,Greece,Jan 2021,2021,1,1743.577161305779,18107
GRC,Greece,Feb 2021,2021,2,3287.731541307959,34143
GRC,Greece,Mar 2021,2021,3,6989.811816536433,72589
GRC,Greece,Apr 2021,2021,4,7832.856939816496,81344
GRC,Greece,May 2021,2021,5,5514.988388991323,57273
GRC,Greece,Jun 2021,2021,6,1940.3037389027145,20150
GRC,Greece,Jul 2021,2021,7,6822.165721775658,70848
GRC,Greece,Aug 2021,2021,8,9115.09438831419,94660
GRC,Greece,Sep 2021,2021,9,6528.953568675968,67803
GRC,Greece,Oct 2021,2021,10,8320.003173816935,86403
GRC,Greece,Nov 2021,2021,11,18944.008707967627,196733
GRC,Greece,Dec 2021,2021,12,26186.87850097237,271950
GRC,Greece,Jan 2022,2022,1,70281.3642636687,729870
GRC,Greece,Feb 2022,2022,2,46311.24667452161,480941
GRC,Greece,Mar 2022,2022,3,58619.801767400044,608765
GRC,Greece,Apr 2022,2022,4,28261.318374281607,293493
GRC,Greece,May 2022,2022,5,12451.357596342099,129307
GRC,Greece,Jun 2022,2022,6,21499.624649926838,223273
GRC,Greece,Jul 2022,2022,7,64797.574803283045,672921
GRC,Greece,Aug 2022,2022,8,39807.90704105894,413404
GRC,Greece,Sep 2022,2022,9,15153.146296398296,157365
GRC,Greece,Oct 2022,2022,10,20703.763091513392,215008
GRC,Greece,Nov 2022,2022,11,5169.970607527878,53690
HUN,Hungary,Mar 2020,2020,3,49.36139200730709,492
HUN,Hungary,Apr 2020,2020,4,229.04889827780914,2283
HUN,Hungary,May 2020,2020,5,110.46116382122989,1101
HUN,Hungary,Jun 2020,2020,6,27.99152107731439,279
HUN,Hungary,Jul 2020,2020,7,35.11481138731195,350
HUN,Hungary,Aug 2020,2020,8,163.93600516247923,1634
HUN,Hungary,Sep 2020,2020,9,2038.8662771798674,20322
HUN,Hungary,Oct 2020,2020,10,4902.027669668749,48860
HUN,Hungary,Nov 2020,2020,11,14226.615341520635,141801
HUN,Hungary,Dec 2020,2020,12,10573.772004947376,105392
HUN,Hungary,Jan 2021,2021,1,4521.985082425499,45072
HUN,Hungary,Feb 2021,2021,2,6121.314249068755,61013
HUN,Hungary,Mar 2021,2021,3,22456.82483447881,223834
HUN,Hungary,Apr 2021,2021,4,12733.13224920199,126915
HUN,Hungary,May 2021,2021,5,2527.263139561109,25190
HUN,Hungary,Jun 2021,2021,6,360.1776368012855,3590
HUN,Hungary,Jul 2021,2021,7,136.74710834544626,1363
HUN,Hungary,Aug 2021,2021,8,285.5335805951138,2846
HUN,Hungary,Sep 2021,2021,9,1040.2010413247153,10368
HUN,Hungary,Oct 2021,2021,10,4084.755516637197,40714
HUN,Hungary,Nov 2021,2021,11,24047.52579032404,239689
HUN,Hungary,Dec 2021,2021,12,15380.989683870383,153307
HUN,Hungary,Jan 2022,2022,1,29796.422382622222,296990
HUN,Hungary,Feb 2022,2022,2,23490.70520975381,234139
HUN,Hungary,Mar 2022,2022,3,6453.801348890332,64327
HUN,Hungary,Apr 2022,2022,4,4930.721486973809,49146
HUN,Hungary,May 2022,2022,5,1681.497825289567,16760
HUN,Hungary,Jun 2022,2022,6,1038.1944806740119,10348
HUN,Hungary,Jul 2022,2022,7,3747.8539833840728,37356
HUN,Hungary,Aug 2022,2022,8,8333.848350567014,83066
HUN,Hungary,Sep 2022,2022,9,4574.4566434413955,45595
HUN,Hungary,Oct 2022,2022,10,4752.639229223871,47371
HUN,Hungary,Nov 2022,2022,11,0,0
ISL,Iceland,Feb 2020,2020,2,2.6816625234980678,1
ISL,Iceland,Mar 2020,2020,3,3041.005301646809,1134
ISL,Iceland,Apr 2020,2020,4,1775.260590555721,662
ISL,Iceland,May 2020,2020,5,24.13496271148261,9
ISL,Iceland,Jun 2020,2020,6,48.26992542296522,18
ISL,Iceland,Jul 2020,2020,7,163.58141393338212,61
ISL,Iceland,Aug 2020,2020,8,595.329080216571,222
ISL,Iceland,Sep 2020,2020,9,1665.3124270923001,621
ISL,Iceland,Oct 2020,2020,10,5730.712812715371,2137
ISL,Iceland,Nov 2020,2020,11,1413.2361498834816,527
ISL,Iceland,Dec 2020,2020,12,970.7618335063005,362
ISL,Iceland,Jan 2021,2021,1,665.0523058275209,248
ISL,Iceland,Feb 2021,2021,2,128.71980112790726,48
ISL,Iceland,Mar 2021,2021,3,418.3393536656986,156
ISL,Iceland,Apr 2021,2021,4,716.003893773984,267
ISL,Iceland,May 2021,2021,5,278.892902443799,104
ISL,Iceland,Jun 2021,2021,6,195.76136421535895,73
ISL,Iceland,Jul 2021,2021,7,3512.977905782469,1310
ISL,Iceland,Aug 2021,2021,8,7589.104941499532,2830
ISL,Iceland,Sep 2021,2021,9,2713.8424737800447,1012
ISL,Iceland,Oct 2021,2021,10,4534.691327235232,1691
ISL,Iceland,Nov 2021,2021,11,11804.678428438496,4402
ISL,Iceland,Dec 2021,2021,12,24577.437027859793,9165
ISL,Iceland,Jan 2022,2022,1,108913.04172935053,40614
ISL,Iceland,Feb 2022,2022,2,166721.64074839838,62171
ISL,Iceland,Mar 2022,2022,3,138231.6580987549,51547
ISL,Iceland,Apr 2022,2022,4,11962.896517324882,4461
ISL,Iceland,May 2022,2022,5,7272.6687637267605,2712
ISL,Iceland,Jun 2022,2022,6,15274.749733844994,5696
ISL,Iceland,Jul 2022,2022,7,21909.182816979213,8170
ISL,Iceland,Aug 2022,2022,8,6865.056060155054,2560
ISL,Iceland,Sep 2022,2022,9,2467.1295216182225,920
ISL,Iceland,Oct 2022,2022,10,1928.1153543951107,719
ISL,Iceland,Nov 2022,2022,11,576.5574425520846,215
IRL,Ireland,Feb 2020,2020,2,0.19907993218541192,1
IRL,Ireland,Mar 2020,2020,3,643.824500687622,3234
IRL,Ireland,Apr 2020,2020,4,3459.4119815859026,17377
IRL,Ireland,May 2020,2020,5,871.5719431077333,4378
IRL,Ireland,Jun 2020,2020,6,96.15560724555395,483
IRL,Ireland,Jul 2020,2020,7,117.85531985376385,592
IRL,Ireland,Aug 2020,2020,8,546.6734937811411,2746
IRL,Ireland,Sep 2020,2020,9,1462.043021969665,7344
IRL,Ireland,Oct 2020,2020,10,5036.921364223106,25301
IRL,Ireland,Nov 2020,2020,11,2207.398288071847,11088
IRL,Ireland,Dec 2020,2020,12,3829.302495586398,19235
IRL,Ireland,Jan 2021,2021,1,20857.206335201234,104768
IRL,Ireland,Feb 2021,2021,2,4587.7970372128175,23045
IRL,Ireland,Mar 2021,2021,3,3237.4378571991683,16262
IRL,Ireland,Apr 2021,2021,4,2591.224397325321,13016
IRL,Ireland,May 2021,2021,5,2622.479946678431,13173
IRL,Ireland,Jun 2021,2021,6,1968.502369449353,9888
IRL,Ireland,Jul 2021,2021,7,5786.855468765553,29068
IRL,Ireland,Aug 2021,2021,8,10246.843189515335,51471
IRL,Ireland,Sep 2021,2021,9,8036.458702460707,40368
IRL,Ireland,Oct 2021,2021,10,11081.187185304398,55662
IRL,Ireland,Nov 2021,2021,11,24789.632235659676,124521
IRL,Ireland,Dec 2021,2021,12,43487.81670631012,218444
IRL,Ireland,Jan 2022,2022,1,78526.88017060354,394449
IRL,Ireland,Feb 2022,2022,2,24476.081342467653,122946
IRL,Ireland,Mar 2022,2022,3,31654.30645727705,159003
IRL,Ireland,Apr 2022,2022,4,11484.324047979857,57687
IRL,Ireland,May 2022,2022,5,8863.038580894538,44520
IRL,Ireland,Jun 2022,2022,6,7760.533916451727,38982
IRL,Ireland,Jul 2022,2022,7,8670.32920653906,43552
IRL,Ireland,Aug 2022,2022,8,2546.2323326514183,12790
IRL,Ireland,Sep 2022,2022,9,1333.2383058457035,6697
IRL,Ireland,Oct 2022,2022,10,1725.2266923187797,8666
IRL,Ireland,Nov 2022,2022,11,267.96158872156445,1346
ITA,Italy,Jan 2020,2020,1,0.03387678930425747,2
ITA,Italy,Feb 2020,2020,2,19.07263237829696,1126
ITA,Italy,Mar 2020,2020,3,1772.840137870402,104664
ITA,Italy,Apr 2020,2020,4,1688.2667333723232,99671
ITA,Italy,May 2020,2020,5,466.3817583517126,27534
ITA,Italy,Jun 2020,2020,6,130.916852266303,7729
ITA,Italy,Jul 2020,2020,7,117.87428838416388,6959
ITA,Italy,Aug 2020,2020,8,367.1735808741946,21677
ITA,Italy,Sep 2020,2020,9,773.1869006857204,45647
ITA,Italy,Oct 2020,2020,10,6175.213599931922,364569
ITA,Italy,Nov 2020,2020,11,15619.300230199558,922124
ITA,Italy,Dec 2020,2020,12,8564.255596852114,505612
ITA,Italy,Jan 2021,2021,1,7552.254269966031,445866
ITA,Italy,Feb 2021,2021,2,6305.029456545836,372233
ITA,Italy,Mar 2021,2021,3,11173.141017962287,659634
ITA,Italy,Apr 2021,2021,4,7414.850012547962,437754
ITA,Italy,May 2021,2021,5,3305.832607466661,195168
ITA,Italy,Jun 2021,2021,6,712.9031541187942,42088
ITA,Italy,Jul 2021,2021,7,1526.4711876551896,90119
ITA,Italy,Aug 2021,2021,8,3217.668263302331,189963
ITA,Italy,Sep 2021,2021,9,2242.033669734368,132364
ITA,Italy,Oct 2021,2021,10,1687.2334912985434,99610
ITA,Italy,Nov 2021,2021,11,4346.087176632495,256582
ITA,Italy,Dec 2021,2021,12,18583.722555057913,1097136
ITA,Italy,Jan 2022,2022,1,82277.11715027364,4857433
ITA,Italy,Feb 2022,2022,2,30484.36762332913,1799720
ITA,Italy,Mar 2022,2022,3,31497.24974673712,1859518
ITA,Italy,Apr 2022,2022,4,30842.20814875,1820846
ITA,Italy,May 2022,2022,5,16230.539139616276,958210
ITA,Italy,Jun 2022,2022,6,18661.046326644882,1101701
ITA,Italy,Jul 2022,2022,7,42632.48263746795,2516914
ITA,Italy,Aug 2022,2022,8,14020.451282195823,827732
ITA,Italy,Sep 2022,2022,9,10154.923300238872,599521
ITA,Italy,Oct 2022,2022,10,18018.13261922868,1063745
ITA,Italy,Nov 2022,2022,11,1879.9585456504642,110988
OWID_KOS,Kosovo,Mar 2020,2020,3,59.479887661570665,106
OWID_KOS,Kosovo,Apr 2020,2020,4,388.8637938629101,693
OWID_KOS,Kosovo,May 2020,2020,5,152.06650524797783,271
OWID_KOS,Kosovo,Jun 2020,2020,6,970.195526102412,1729
OWID_KOS,Kosovo,Jul 2020,2020,7,3103.615647699503,5531
OWID_KOS,Kosovo,Aug 2020,2020,8,2875.235324319699,5124
OWID_KOS,Kosovo,Sep 2020,2020,9,1215.4097799524723,2166
OWID_KOS,Kosovo,Oct 2020,2020,10,2080.6738061236224,3708
OWID_KOS,Kosovo,Nov 2020,2020,11,11373.003425704852,20268
OWID_KOS,Kosovo,Dec 2020,2020,12,6479.9409690171515,11548
OWID_KOS,Kosovo,Jan 2021,2021,1,5091.702836236719,9074
OWID_KOS,Kosovo,Feb 2021,2021,2,4619.791652053879,8233
OWID_KOS,Kosovo,Mar 2021,2021,3,11632.245954946791,20730
OWID_KOS,Kosovo,Apr 2021,2021,4,8112.271093616293,14457
OWID_KOS,Kosovo,May 2021,2021,5,1887.6447367313558,3364
OWID_KOS,Kosovo,Jun 2021,2021,6,424.2150478504474,756
OWID_KOS,Kosovo,Jul 2021,2021,7,340.6065265148433,607
OWID_KOS,Kosovo,Aug 2021,2021,8,20549.178925041313,36621
OWID_KOS,Kosovo,Sep 2021,2021,9,8465.222502475992,15086
OWID_KOS,Kosovo,Oct 2021,2021,10,387.18040081588447,690
OWID_KOS,Kosovo,Nov 2021,2021,11,184.61210415713913,329
OWID_KOS,Kosovo,Dec 2021,2021,12,220.5244891603516,393
OWID_KOS,Kosovo,Jan 2022,2022,1,24944.51817082512,44454
OWID_KOS,Kosovo,Feb 2022,2022,2,11396.57092836321,20310
OWID_KOS,Kosovo,Mar 2022,2022,3,686.2632321707634,1223
OWID_KOS,Kosovo,Apr 2022,2022,4,337.80087143646733,602
OWID_KOS,Kosovo,May 2022,2022,5,160.48347048310575,286
OWID_KOS,Kosovo,Jun 2022,2022,6,471.35005316716376,840
OWID_KOS,Kosovo,Jul 2022,2022,7,14045.670453365805,25031
OWID_KOS,Kosovo,Aug 2022,2022,8,9677.265496334412,17246
OWID_KOS,Kosovo,Sep 2022,2022,9,331.6284302640402,591
OWID_KOS,Kosovo,Oct 2022,2022,10,52.74631547346833,94
OWID_KOS,Kosovo,Nov 2022,2022,11,10.661489297828703,19
LVA,Latvia,Jan 2020,2020,1,0,0
LVA,Latvia,Feb 2020,2020,2,0,0
LVA,Latvia,Mar 2020,2020,3,215.05910883395816,398
LVA,Latvia,Apr 2020,2020,4,248.5607790543235,460
LVA,Latvia,May 2020,2020,5,112.39270009412888,208
LVA,Latvia,Jun 2020,2020,6,28.09817502353222,52
LVA,Latvia,Jul 2020,2020,7,61.05949572421425,113
LVA,Latvia,Aug 2020,2020,8,89.15767074774648,165
LVA,Latvia,Sep 2020,2020,9,231.2695944244575,428
LVA,Latvia,Oct 2020,2020,10,2199.22254511108,4070
LVA,Latvia,Nov 2020,2020,11,6041.647979579111,11181
LVA,Latvia,Dec 2020,2020,12,12875.988704533642,23829
LVA,Latvia,Jan 2021,2021,1,13690.835780216074,25337
LVA,Latvia,Feb 2021,2021,2,10777.271170083657,19945
LVA,Latvia,Mar 2021,2021,3,8741.234179916937,16177
LVA,Latvia,Apr 2021,2021,4,8750.960471271237,16195
LVA,Latvia,May 2021,2021,5,7911.25731768337,14641
LVA,Latvia,Jun 2021,2021,6,2285.6784682604093,4230
LVA,Latvia,Jul 2021,2021,7,774.8612112258693,1434
LVA,Latvia,Aug 2021,2021,8,2039.2790872848193,3774
LVA,Latvia,Sep 2021,2021,9,8458.631381122565,15654
LVA,Latvia,Oct 2021,2021,10,32879.18757369017,60848
LVA,Latvia,Nov 2021,2021,11,18652.86541946793,34520
LVA,Latvia,Dec 2021,2021,12,12436.144195511424,23015
LVA,Latvia,Jan 2022,2022,1,62729.17574003568,116090
LVA,Latvia,Feb 2022,2022,2,140683.23954666837,260356
LVA,Latvia,Mar 2022,2022,3,78769.4512318348,145775
LVA,Latvia,Apr 2022,2022,4,12491.800196038806,23118
LVA,Latvia,May 2022,2022,5,3566.847179429542,6601
LVA,Latvia,Jun 2022,2022,6,3881.3305998852297,7183
LVA,Latvia,Jul 2022,2022,7,14009.641996829228,25927
LVA,Latvia,Aug 2022,2022,8,20213.935181833018,37409
LVA,Latvia,Sep 2022,2022,9,16816.21740206435,31121
LVA,Latvia,Oct 2022,2022,10,11803.935257481951,21845
LVA,Latvia,Nov 2022,2022,11,1151.4848264451377,2131
LTU,Lithuania,Mar 2020,2020,3,128.36092911494958,353
LTU,Lithuania,Apr 2020,2020,4,348.3562892128093,958
LTU,Lithuania,May 2020,2020,5,107.27046484110517,295
LTU,Lithuania,Jun 2020,2020,6,51.63527460148113,142
LTU,Lithuania,Jul 2020,2020,7,97.45249009293622,268
LTU,Lithuania,Aug 2020,2020,8,308.7207615257569,849
LTU,Lithuania,Sep 2020,2020,9,688.7127471493328,1894
LTU,Lithuania,Oct 2020,2020,10,3978.0979164803075,10940
LTU,Lithuania,Nov 2020,2020,11,17017.4592681318,46799
LTU,Lithuania,Dec 2020,2020,12,30019.00323556812,82554
LTU,Lithuania,Jan 2021,2021,1,14325.516043661624,39396
LTU,Lithuania,Feb 2021,2021,2,5350.796237752076,14715
LTU,Lithuania,Mar 2021,2021,3,6166.415399238853,16958
LTU,Lithuania,Apr 2021,2021,4,11395.032395680382,31337
LTU,Lithuania,May 2021,2021,5,9927.063356481936,27300
LTU,Lithuania,Jun 2021,2021,6,1598.5117404796554,4396
LTU,Lithuania,Jul 2021,2021,7,1470.5144400590823,4044
LTU,Lithuania,Aug 2021,2021,8,5913.693456647096,16263
LTU,Lithuania,Sep 2021,2021,9,12033.200754311365,33092
LTU,Lithuania,Oct 2021,2021,10,28456.127107137378,78256
LTU,Lithuania,Nov 2021,2021,11,22875.153905844894,62908
LTU,Lithuania,Dec 2021,2021,12,18439.611091838793,50710
LTU,Lithuania,Jan 2022,2022,1,65718.9775633823,180731
LTU,Lithuania,Feb 2022,2022,2,94803.4550544025,260715
LTU,Lithuania,Mar 2022,2022,3,52700.70667600466,144930
LTU,Lithuania,Apr 2022,2022,4,14250.60853262004,39190
LTU,Lithuania,May 2022,2022,5,1919.9595063085942,5280
LTU,Lithuania,Jun 2022,2022,6,2266.1340233551437,6232
LTU,Lithuania,Jul 2022,2022,7,8100.192795933759,22276
LTU,Lithuania,Aug 2022,2022,8,12692.45957721619,34905
LTU,Lithuania,Sep 2022,2022,9,11574.664970702435,31831
LTU,Lithuania,Oct 2022,2022,10,6504.590085009117,17888
LTU,Lithuania,Nov 2022,2022,11,627.6231264940594,1726
LUX,Luxembourg,Feb 2020,2020,2,1.544160679183633,1
LUX,Luxembourg,Mar 2020,2020,3,3361.637798582769,2177
LUX,Luxembourg,Apr 2020,2020,4,2479.922050768915,1606
LUX,Luxembourg,May 2020,2020,5,361.33359892897016,234
LUX,Luxembourg,Jun 2020,2020,6,433.9091508506009,281
LUX,Luxembourg,Jul 2020,2020,7,3699.808987323985,2396
LUX,Luxembourg,Aug 2020,2020,8,1973.4373479966832,1278
LUX,Luxembourg,Sep 2020,2020,9,2909.1987195819647,1884
LUX,Luxembourg,Oct 2020,2020,10,13318.385857958836,8625
LUX,Luxembourg,Nov 2020,2020,11,27090.75495559766,17544
LUX,Luxembourg,Dec 2020,2020,12,18123.813891578302,11737
LUX,Luxembourg,Jan 2021,2021,1,6134.950378396575,3973
LUX,Luxembourg,Feb 2021,2021,2,7291.526727105115,4722
LUX,Luxembourg,Mar 2021,2021,3,10086.457556427491,6532
LUX,Luxembourg,Apr 2021,2021,4,8590.165858298551,5563
LUX,Luxembourg,May 2021,2021,5,4210.926172133768,2727
LUX,Luxembourg,Jun 2021,2021,6,1320.2573807020065,855
LUX,Luxembourg,Jul 2021,2021,7,4760.6473739231415,3083
LUX,Luxembourg,Aug 2021,2021,8,2918.4636836570667,1890
LUX,Luxembourg,Sep 2021,2021,9,3797.091110112554,2459
LUX,Luxembourg,Oct 2021,2021,10,5348.972592692105,3464
LUX,Luxembourg,Nov 2021,2021,11,11578.116772518882,7498
LUX,Luxembourg,Dec 2021,2021,12,22521.58350589329,14585
LUX,Luxembourg,Jan 2022,2022,1,83722.84786465741,54219
LUX,Luxembourg,Feb 2022,2022,2,38900.495829994084,25192
LUX,Luxembourg,Mar 2022,2022,3,50423.02281806236,32654
LUX,Luxembourg,Apr 2022,2022,4,34010.13895901952,22025
LUX,Luxembourg,May 2022,2022,5,15563.595485491838,10079
LUX,Luxembourg,Jun 2022,2022,6,23860.3708147455,15452
LUX,Luxembourg,Jul 2022,2022,7,29130.591212799238,18865
LUX,Luxembourg,Aug 2022,2022,8,7064.535107265122,4575
LUX,Luxembourg,Sep 2022,2022,9,7614.256309054495,4931
LUX,Luxembourg,Oct 2022,2022,10,16156.553186298352,10463
LUX,Luxembourg,Nov 2022,2022,11,1241.505186063641,804
MLT,Malta,Mar 2020,2020,3,316.89896548426475,169
MLT,Malta,Apr 2020,2020,4,555.0419750493631,296
MLT,Malta,May 2020,2020,5,286.89669656267756,153
MLT,Malta,Jun 2020,2020,6,97.50737399515839,52
MLT,Malta,Jul 2020,2020,7,288.7718383702767,154
MLT,Malta,Aug 2020,2020,8,2064.531130166719,1101
MLT,Malta,Sep 2020,2020,9,2203.2916239290594,1175
MLT,Malta,Oct 2020,2020,10,5595.423153876012,2984
MLT,Malta,Nov 2020,2020,11,7183.668264912534,3831
MLT,Malta,Dec 2020,2020,12,5439.786383845278,2901
MLT,Malta,Jan 2021,2021,1,9617.602331176297,5129
MLT,Malta,Feb 2021,2021,2,8586.274336996736,4579
MLT,Malta,Mar 2021,2021,3,12284.053981582356,6551
MLT,Malta,Apr 2021,2021,4,2360.8035357673925,1259
MLT,Malta,May 2021,2021,5,455.6594592466055,243
MLT,Malta,Jun 2021,2021,6,165.01247906872956,88
MLT,Malta,Jul 2021,2021,7,6885.520717504261,3672
MLT,Malta,Aug 2021,2021,8,3517.7660310560987,1876
MLT,Malta,Sep 2021,2021,9,1833.8886878320172,978
MLT,Malta,Oct 2021,2021,10,945.0714710299966,504
MLT,Malta,Nov 2021,2021,11,3341.5027011417737,1782
MLT,Malta,Dec 2021,2021,12,24448.098887478365,13038
MLT,Malta,Jan 2022,2022,1,28584.6617150422,15244
MLT,Malta,Feb 2022,2022,2,6671.754551437953,3558
MLT,Malta,Mar 2022,2022,3,15496.171897999788,8264
MLT,Malta,Apr 2022,2022,4,22880.480336325436,12202
MLT,Malta,May 2022,2022,5,5627.300564605199,3001
MLT,Malta,Jun 2022,2022,6,15732.439765757284,8390
MLT,Malta,Jul 2022,2022,7,18181.37496648184,9696
MLT,Malta,Aug 2022,2022,8,2291.423288886222,1222
MLT,Malta,Sep 2022,2022,9,1203.8410404786862,642
MLT,Malta,Oct 2022,2022,10,1231.9681675926743,657
MLT,Malta,Nov 2022,2022,11,225.01701691190397,120
MDA,Moldova,Mar 2020,2020,3,107.852354099138,353
MDA,Moldova,Apr 2020,2020,4,1082.8009714655668,3544
MDA,Moldova,May 2020,2020,5,1330.2808774720875,4354
MDA,Moldova,Jun 2020,2020,6,2554.84811608213,8362
MDA,Moldova,Jul 2020,2020,7,2480.9096750283306,8120
MDA,Moldova,Aug 2020,2020,8,3723.503227779589,12187
MDA,Moldova,Sep 2020,2020,9,4925.76672177423,16122
MDA,Moldova,Oct 2020,2020,10,7026.596146096249,22998
MDA,Moldova,Nov 2020,2020,11,9570.445155244757,31324
MDA,Moldova,Dec 2020,2020,12,11443.348641442253,37454
MDA,Moldova,Jan 2021,2021,1,4578.683791868788,14986
MDA,Moldova,Feb 2021,2021,2,7836.558159458331,25649
MDA,Moldova,Mar 2021,2021,3,13684.11114841981,44788
MDA,Moldova,Apr 2021,2021,4,6292.71128902506,20596
MDA,Moldova,May 2021,2021,5,1328.7532237313064,4349
MDA,Moldova,Jun 2021,2021,6,472.961598145795,1548
MDA,Moldova,Jul 2021,2021,7,838.3763729406081,2744
MDA,Moldova,Aug 2021,2021,8,2458.911461161084,8048
MDA,Moldova,Sep 2021,2021,9,8208.389079964423,26866
MDA,Moldova,Oct 2021,2021,10,13252.701732023259,43376
MDA,Moldova,Nov 2021,2021,11,7945.632636550094,26006
MDA,Moldova,Dec 2021,2021,12,3782.7761929218914,12381
MDA,Moldova,Jan 2022,2022,1,19719.871078245505,64543
MDA,Moldova,Feb 2022,2022,2,18668.539773840028,61102
MDA,Moldova,Mar 2022,2022,3,3556.9889700344606,11642
MDA,Moldova,Apr 2022,2022,4,1082.8009714655668,3544
MDA,Moldova,May 2022,2022,5,552.0940619182504,1807
MDA,Moldova,Jun 2022,2022,6,466.85098318267103,1528
MDA,Moldova,Jul 2022,2022,7,3625.427857621449,11866
MDA,Moldova,Aug 2022,2022,8,13096.575519715441,42865
MDA,Moldova,Sep 2022,2022,9,4395.059812226913,14385
MDA,Moldova,Oct 2022,2022,10,1163.7666197269593,3809
MDA,Moldova,Nov 2022,2022,11,174.15252644903302,570
MNE,Montenegro,Mar 2020,2020,3,173.820967592755,109
MNE,Montenegro,Apr 2020,2020,4,339.6684963051085,213
MNE,Montenegro,May 2020,2020,5,3.1893755521606426,2
MNE,Montenegro,Jun 2020,2020,6,357.210061841992,224
MNE,Montenegro,Jul 2020,2020,7,4026.5866346028106,2525
MNE,Montenegro,Aug 2020,2020,8,2809.839861453526,1762
MNE,Montenegro,Sep 2020,2020,9,9467.661326588868,5937
MNE,Montenegro,Oct 2020,2020,10,12070.191777151951,7569
MNE,Montenegro,Nov 2020,2020,11,26988.495922383354,16924
MNE,Montenegro,Dec 2020,2020,12,20702.236709074732,12982
MNE,Montenegro,Jan 2021,2021,1,21387.952452789268,13412
MNE,Montenegro,Feb 2021,2021,2,22604.699225938555,14175
MNE,Montenegro,Mar 2021,2021,3,24532.676747219663,15384
MNE,Montenegro,Apr 2021,2021,4,9840.818266191662,6171
MNE,Montenegro,May 2021,2021,5,3562.5324917634375,2234
MNE,Montenegro,Jun 2021,2021,6,1003.0586111545219,629
MNE,Montenegro,Jul 2021,2021,7,2671.1020249345383,1675
MNE,Montenegro,Aug 2021,2021,8,21461.30809048896,13458
MNE,Montenegro,Sep 2021,2021,9,25696.798823758298,16114
MNE,Montenegro,Oct 2021,2021,10,20435.923850469317,12815
MNE,Montenegro,Nov 2021,2021,11,20829.811731161157,13062
MNE,Montenegro,Dec 2021,2021,12,20185.557869624707,12658
MNE,Montenegro,Jan 2022,2022,1,79321.36467001126,49741
MNE,Montenegro,Feb 2022,2022,2,16635.78288006991,10432
MNE,Montenegro,Mar 2022,2022,3,4616.62111175253,2895
MNE,Montenegro,Apr 2022,2022,4,3390.306211946763,2126
MNE,Montenegro,May 2022,2022,5,3181.402113280241,1995
MNE,Montenegro,Jun 2022,2022,6,4782.468640464883,2999
MNE,Montenegro,Jul 2022,2022,7,30501.593093088304,19127
MNE,Montenegro,Aug 2022,2022,8,25816.40040696432,16189
MNE,Montenegro,Sep 2022,2022,9,7405.730032117011,4644
MNE,Montenegro,Oct 2022,2022,10,4117.48383783939,2582
MNE,Montenegro,Nov 2022,2022,11,518.2735272261044,325
NLD,Netherlands,Feb 2020,2020,2,0.569345742033999,10
NLD,Netherlands,Mar 2020,2020,3,774.8795549082727,13610
NLD,Netherlands,Apr 2020,2020,4,1494.304834542434,26246
NLD,Netherlands,May 2020,2020,5,384.64998331816975,6756
NLD,Netherlands,Jun 2020,2020,6,215.78203623088564,3790
NLD,Netherlands,Jul 2020,2020,7,253.24498605672278,4448
NLD,Netherlands,Aug 2020,2020,8,953.3694450359314,16745
NLD,Netherlands,Sep 2020,2020,9,3026.5850300785355,53159
NLD,Netherlands,Oct 2020,2020,10,13432.175549788715,235923
NLD,Netherlands,Nov 2020,2020,11,9559.428877899252,167902
NLD,Netherlands,Dec 2020,2020,12,15829.57660034548,278031
NLD,Netherlands,Jan 2021,2021,1,10071.498438284629,176896
NLD,Netherlands,Feb 2021,2021,2,6319.339194557965,110993
NLD,Netherlands,Mar 2021,2021,3,10708.311650749658,188081
NLD,Netherlands,Apr 2021,2021,4,12625.07102588132,221747
NLD,Netherlands,May 2021,2021,5,8532.0444863989,149857
NLD,Netherlands,Jun 2021,2021,6,1949.9522318922434,34249
NLD,Netherlands,Jul 2021,2021,7,10370.177214555666,182142
NLD,Netherlands,Aug 2021,2021,8,4384.873166849046,77016
NLD,Netherlands,Sep 2021,2021,9,3498.3449119279076,61445
NLD,Netherlands,Oct 2021,2021,10,7697.212824854447,135194
NLD,Netherlands,Nov 2021,2021,11,29722.068182568684,522039
NLD,Netherlands,Dec 2021,2021,12,27740.403392845146,487233
NLD,Netherlands,Jan 2022,2022,1,79371.06653260473,1394075
NLD,Netherlands,Feb 2022,2022,2,103825.88951732007,1823600
NLD,Netherlands,Mar 2022,2022,3,85277.40232589122,1497814
NLD,Netherlands,Apr 2022,2022,4,10804.075604559777,189763
NLD,Netherlands,May 2022,2022,5,2132.6552805109536,37458
NLD,Netherlands,Jun 2022,2022,6,5604.639484582686,98440
NLD,Netherlands,Jul 2022,2022,7,8385.381023250942,147281
NLD,Netherlands,Aug 2022,2022,8,3136.070216271674,55082
NLD,Netherlands,Sep 2022,2022,9,2537.9725142649577,44577
NLD,Netherlands,Oct 2022,2022,10,4612.896136533664,81021
NLD,Netherlands,Nov 2022,2022,11,564.0508266330828,9907
MKD,North Macedonia,Feb 2020,2020,2,0.47764479085367545,1
MKD,North Macedonia,Mar 2020,2020,3,156.66749140000556,328
MKD,North Macedonia,Apr 2020,2020,4,542.6044824097752,1136
MKD,North Macedonia,May 2020,2020,5,363.48768583964704,761
MKD,North Macedonia,Jun 2020,2020,6,1962.1648008268985,4108
MKD,North Macedonia,Jul 2020,2020,7,2111.189975573245,4420
MKD,North Macedonia,Aug 2020,2020,8,1713.311864792134,3587
MKD,North Macedonia,Sep 2020,2020,9,1736.7164595439638,3636
MKD,North Macedonia,Oct 2020,2020,10,6493.580931655718,13595
MKD,North Macedonia,Nov 2020,2020,11,14475.503031611488,30306
MKD,North Macedonia,Dec 2020,2020,12,10245.958408602191,21451
MKD,North Macedonia,Jan 2021,2021,1,4472.665821553817,9364
MKD,North Macedonia,Feb 2021,2021,2,4821.346518877001,10094
MKD,North Macedonia,Mar 2021,2021,3,13008.65587889985,27235
MKD,North Macedonia,Apr 2021,2021,4,10672.972851625376,22345
MKD,North Macedonia,May 2021,2021,5,1387.5581174299273,2905
MKD,North Macedonia,Jun 2021,2021,6,196.78965383171428,412
MKD,North Macedonia,Jul 2021,2021,7,332.44077443415813,696
MKD,North Macedonia,Aug 2021,2021,8,9607.347323230828,20114
MKD,North Macedonia,Sep 2021,2021,9,7123.594410791716,14914
MKD,North Macedonia,Oct 2021,2021,10,5322.8735492733595,11144
MKD,North Macedonia,Nov 2021,2021,11,6225.144559195952,13033
MKD,North Macedonia,Dec 2021,2021,12,4520.430300639185,9464
MKD,North Macedonia,Jan 2022,2022,1,20945.679368515375,43852
MKD,North Macedonia,Feb 2022,2022,2,13546.483913401089,28361
MKD,North Macedonia,Mar 2022,2022,3,4163.629641871488,8717
MKD,North Macedonia,Apr 2022,2022,4,1715.7000887464021,3592
MKD,North Macedonia,May 2022,2022,5,1129.6299303689423,2365
MKD,North Macedonia,Jun 2022,2022,6,994.4564545573521,2082
MKD,North Macedonia,Jul 2022,2022,7,6205.083477980097,12991
MKD,North Macedonia,Aug 2022,2022,8,6367.960351661201,13332
MKD,North Macedonia,Sep 2022,2022,9,1251.4293520366296,2620
MKD,North Macedonia,Oct 2022,2022,10,577.4725521420936,1209
MKD,North Macedonia,Nov 2022,2022,11,0,0
NOR,Norway,Feb 2020,2020,2,2.7602329194946784,15
NOR,Norway,Mar 2020,2020,3,851.2558323721589,4626
NOR,Norway,Apr 2020,2020,4,569.896090111668,3097
NOR,Norway,May 2020,2020,5,129.17890063235095,702
NOR,Norway,Jun 2020,2020,6,80.78281677721093,439
NOR,Norway,Jul 2020,2020,7,66.4296055958386,361
NOR,Norway,Aug 2020,2020,8,283.75194412405295,1542
NOR,Norway,Sep 2020,2020,9,597.1303882506821,3245
NOR,Norway,Oct 2020,2020,10,1160.0338882996302,6304
NOR,Norway,Nov 2020,2020,11,2910.941636899088,15819
NOR,Norway,Dec 2020,2020,12,2468.936338724007,13417
NOR,Norway,Jan 2021,2021,1,2465.624059220613,13399
NOR,Norway,Feb 2021,2021,2,1479.4848448491477,8040
NOR,Norway,Mar 2021,2021,3,4613.821332699338,25073
NOR,Norway,Apr 2021,2021,4,3108.2062828789744,16891
NOR,Norway,May 2021,2021,5,2235.0526026788243,12146
NOR,Norway,Jun 2021,2021,6,1140.896273391134,6200
NOR,Norway,Jul 2021,2021,7,1161.3219969953946,6311
NOR,Norway,Aug 2021,2021,8,4148.998109056435,22547
NOR,Norway,Sep 2021,2021,9,5383.742301710387,29257
NOR,Norway,Oct 2021,2021,10,3284.4931586707016,17849
NOR,Norway,Nov 2021,2021,11,11144.532420223748,60563
NOR,Norway,Dec 2021,2021,12,23262.506983389285,126416
NOR,Norway,Jan 2022,2022,1,71175.36606208979,386790
NOR,Norway,Feb 2022,2022,2,84851.58411607405,461111
NOR,Norway,Mar 2022,2022,3,30141.74348088189,163800
NOR,Norway,Apr 2022,2022,4,3690.0633823084527,20053
NOR,Norway,May 2022,2022,5,1403.6704473270272,7628
NOR,Norway,Jun 2022,2022,6,2507.947630652865,13629
NOR,Norway,Jul 2022,2022,7,1568.9163914407752,8526
NOR,Norway,Aug 2022,2022,8,796.9712516220969,4331
NOR,Norway,Sep 2022,2022,9,419.7394192911575,2281
NOR,Norway,Oct 2022,2022,10,467.03140997849965,2538
NOR,Norway,Nov 2022,2022,11,126.05063665692366,685
POL,Poland,Mar 2020,2020,3,57.98207719047807,2311
POL,Poland,Apr 2020,2020,4,265.0967665922074,10566
POL,Poland,May 2020,2020,5,273.7025011124731,10909
POL,Poland,Jun 2020,2020,6,266.1254403978368,10607
POL,Poland,Jul 2020,2020,7,283.3870886483989,11295
POL,Poland,Aug 2020,2020,8,544.042995152889,21684
POL,Poland,Sep 2020,2020,9,605.7132442806238,24142
POL,Poland,Oct 2020,2020,10,6804.727403448676,271217
POL,Poland,Nov 2020,2020,11,15758.279118042177,628080
POL,Poland,Dec 2020,2020,12,7628.920928202984,304067
POL,Poland,Jan 2021,2021,1,5482.254323089482,218507
POL,Poland,Feb 2021,2021,2,4857.372620577129,193601
POL,Poland,Mar 2021,2021,3,15423.357980692244,614731
POL,Poland,Apr 2021,2021,4,11802.777439346884,470425
POL,Poland,May 2021,2021,5,2010.706035535311,80141
POL,Poland,Jun 2021,2021,6,191.40859666211907,7629
POL,Poland,Jul 2021,2021,7,75.94623438146998,3027
POL,Poland,Aug 2021,2021,8,143.78852634298133,5731
POL,Poland,Sep 2021,2021,9,461.67382188748894,18401
POL,Poland,Oct 2021,2021,10,2964.9891622942173,118176
POL,Poland,Nov 2021,2021,11,12916.479916373337,514814
POL,Poland,Dec 2021,2021,12,14254.759447892204,568154
POL,Poland,Jan 2022,2022,1,19518.182236037785,777939
POL,Poland,Feb 2022,2022,2,19592.47255648824,780900
POL,Poland,Mar 2022,2022,3,7423.437063127252,295877
POL,Poland,Apr 2022,2022,4,842.5842052305604,33583
POL,Poland,May 2022,2022,5,277.74192751994474,11070
POL,Poland,Jun 2022,2022,6,185.86379395372634,7408
POL,Poland,Jul 2022,2022,7,1371.7239750043307,54673
POL,Poland,Aug 2022,2022,8,2690.107449746023,107220
POL,Poland,Sep 2022,2022,9,2927.279485956144,116673
POL,Poland,Oct 2022,2022,10,1176.1254143046476,46877
POL,Poland,Nov 2022,2022,11,83.7992807512751,3340
PRT,Portugal,Mar 2020,2020,3,724.6717581600055,7443
PRT,Portugal,Apr 2020,2020,4,1713.7810408615367,17602
PRT,Portugal,May 2020,2020,5,741.5155327349996,7616
PRT,Portugal,Jun 2020,2020,6,938.6753218353639,9641
PRT,Portugal,Jul 2020,2020,7,869.5476920767177,8931
PRT,Portugal,Aug 2020,2020,8,675.6982401760632,6940
PRT,Portugal,Sep 2020,2020,9,1706.770915026857,17530
PRT,Portugal,Oct 2020,2020,10,6400.342249921307,65737
PRT,Portugal,Nov 2020,2020,11,15264.7437307325,156782
PRT,Portugal,Dec 2020,2020,12,11256.801647613243,115617
PRT,Portugal,Jan 2021,2021,1,29874.624873075343,306838
PRT,Portugal,Feb 2021,2021,2,8182.958831965045,84046
PRT,Portugal,Mar 2021,2021,3,1670.746657265309,17160
PRT,Portugal,Apr 2021,2021,4,1438.1467875562867,14771
PRT,Portugal,May 2021,2021,5,1226.772021068933,12600
PRT,Portugal,Jun 2021,2021,6,2966.0621309399985,30464
PRT,Portugal,Jul 2021,2021,7,8672.499286086839,89074
PRT,Portugal,Aug 2021,2021,8,6746.856664443872,69296
PRT,Portugal,Sep 2021,2021,9,3052.5203495677138,31352
PRT,Portugal,Oct 2021,2021,10,2080.8390185940666,21372
PRT,Portugal,Nov 2021,2021,11,5510.54308321107,56598
PRT,Portugal,Dec 2021,2021,12,23600.464888178267,242397
PRT,Portugal,Jan 2022,2022,1,126525.07965012072,1299521
PRT,Portugal,Feb 2022,2022,2,67417.45114356084,692435
PRT,Portugal,Mar 2022,2022,3,34789.404623197464,357317
PRT,Portugal,Apr 2022,2022,4,28114.985925711942,288765
PRT,Portugal,May 2022,2022,5,63805.19171866574,655334
PRT,Portugal,Jun 2022,2022,6,47534.30020493908,488218
PRT,Portugal,Jul 2022,2022,7,16490.93157464854,169376
PRT,Portugal,Aug 2022,2022,8,7743.073435838898,79528
PRT,Portugal,Sep 2022,2022,9,7146.433837020611,73400
PRT,Portugal,Oct 2022,2022,10,2647.3934940385207,27191
PRT,Portugal,Nov 2022,2022,11,460.3315964772949,4728
ROU,Romania,Feb 2020,2020,2,0.1525997659119591,3
ROU,Romania,Mar 2020,2020,3,114.04289172487076,2242
ROU,Romania,Apr 2020,2020,4,508.4115534300103,9995
ROU,Romania,May 2020,2020,5,356.9308524680723,7017
ROU,Romania,Jun 2020,2020,6,392.3339981596468,7713
ROU,Romania,Jul 2020,2020,7,1216.525333850138,23916
ROU,Romania,Aug 2020,2020,8,1864.4639399123162,36654
ROU,Romania,Sep 2020,2020,9,2036.2912763291822,40032
ROU,Romania,Oct 2020,2020,10,5786.93918950195,113767
ROU,Romania,Nov 2020,2020,11,11903.951672671468,234023
ROU,Romania,Dec 2020,2020,12,7981.018623784098,156901
ROU,Romania,Jan 2021,2021,1,4907.608471728604,96480
ROU,Romania,Feb 2021,2021,2,3726.028484272305,73251
ROU,Romania,Mar 2021,2021,3,7671.139365805546,150809
ROU,Romania,Apr 2021,2021,4,5211.8924049570505,102462
ROU,Romania,May 2021,2021,5,1143.0739798578481,22472
ROU,Romania,Jun 2021,2021,6,155.39742828701168,3055
ROU,Romania,Jul 2021,2021,7,121.92721296365531,2397
ROU,Romania,Aug 2021,2021,8,792.2979846148917,15576
ROU,Romania,Sep 2021,2021,9,6862.055406940339,134903
ROU,Romania,Oct 2021,2021,10,21077.232267525702,414363
ROU,Romania,Nov 2021,2021,11,6695.874261862216,131636
ROU,Romania,Dec 2021,2021,12,1486.5251863370308,29224
ROU,Romania,Jan 2022,2022,1,20734.950992585174,407634
ROU,Romania,Feb 2022,2022,2,26295.94079536015,516959
ROU,Romania,Mar 2022,2022,3,6108.3651631011735,120086
ROU,Romania,Apr 2022,2022,4,2050.228721615808,40306
ROU,Romania,May 2022,2022,5,779.2252713351005,15319
ROU,Romania,Jun 2022,2022,6,522.196398950724,10266
ROU,Romania,Jul 2022,2022,7,7334.2499492605775,144186
ROU,Romania,Aug 2022,2022,8,7920.283916951138,155707
ROU,Romania,Sep 2022,2022,9,2503.043093665228,49208
ROU,Romania,Oct 2022,2022,10,924.3985153060108,18173
ROU,Romania,Nov 2022,2022,11,124.57227557279593,2449
RUS,Russia,Jan 2020,2020,1,0.0138204286278791,2
RUS,Russia,Feb 2020,2020,2,0,0
RUS,Russia,Mar 2020,2020,3,16.13535042304885,2335
RUS,Russia,Apr 2020,2020,4,719.7748331542574,104161
RUS,Russia,May 2020,2020,5,2068.5381038062346,299345
RUS,Russia,Jun 2020,2020,6,1665.9559280904302,241086
RUS,Russia,Jul 2020,2020,7,1323.5271679774698,191532
RUS,Russia,Aug 2020,2020,8,1063.7653017021682,153941
RUS,Russia,Sep 2020,2020,9,1232.761502963874,178397
RUS,Russia,Oct 2020,2020,10,3009.177206862628,435468
RUS,Russia,Nov 2020,2020,11,4627.556309401584,669669
RUS,Russia,Dec 2020,2020,12,5883.432479245586,851411
RUS,Russia,Jan 2021,2021,1,4705.862858007147,681001
RUS,Russia,Feb 2021,2021,2,2695.342913580749,390052
RUS,Russia,Mar 2021,2021,3,2044.276341349993,295834
RUS,Russia,Apr 2021,2021,4,1772.6150860260873,256521
RUS,Russia,May 2021,2021,5,1815.7071824878144,262757
RUS,Russia,Jun 2021,2021,6,3013.4200784513864,436082
RUS,Russia,Jul 2021,2021,7,5083.533711121199,735655
RUS,Russia,Aug 2021,2021,8,4391.081865364259,635448
RUS,Russia,Sep 2021,2021,9,4010.7367593107124,580407
RUS,Russia,Oct 2021,2021,10,6750.450159001267,976880
RUS,Russia,Nov 2021,2021,11,7536.666702784053,1090656
RUS,Russia,Dec 2021,2021,12,5885.87869511272,851765
RUS,Russia,Jan 2022,2022,1,9328.51982546015,1349961
RUS,Russia,Feb 2022,2022,2,31035.361833194722,4491230
RUS,Russia,Mar 2022,2022,3,9822.973300479778,1421515
RUS,Russia,Apr 2022,2022,4,2308.5643980009245,334080
RUS,Russia,May 2022,2022,5,1013.6524274974787,146689
RUS,Russia,Jun 2022,2022,6,672.7646451765266,97358
RUS,Russia,Jul 2022,2022,7,1171.6130164998228,169548
RUS,Russia,Aug 2022,2022,8,6314.975363151111,913861
RUS,Russia,Sep 2022,2022,9,9952.788586581448,1440301
RUS,Russia,Oct 2022,2022,10,3038.4903359823597,439710
RUS,Russia,Nov 2022,2022,11,235.04402967433984,34014
SRB,Serbia,Feb 2020,2020,2,0,0
SRB,Serbia,Mar 2020,2020,3,130.97487363471427,900
SRB,Serbia,Apr 2020,2020,4,1180.0836114487756,8109
SRB,Serbia,May 2020,2020,5,349.70291260468707,2403
SRB,Serbia,Jun 2020,2020,6,458.7031129962438,3152
SRB,Serbia,Jul 2020,2020,7,1599.0576794424896,10988
SRB,Serbia,Aug 2020,2020,8,851.9187891751304,5854
SRB,Serbia,Sep 2020,2020,9,312.1567821627357,2145
SRB,Serbia,Oct 2020,2020,10,1950.5069236956394,13403
SRB,Serbia,Nov 2020,2020,11,18697.97296009181,128484
SRB,Serbia,Dec 2020,2020,12,23646.058158373944,162485
SRB,Serbia,Jan 2021,2021,1,8344.554726905018,57340
SRB,Serbia,Feb 2021,2021,2,9313.186681252417,63996
SRB,Serbia,Mar 2021,2021,3,20568.4396832329,141337
SRB,Serbia,Apr 2021,2021,4,12946.284148242019,88961
SRB,Serbia,May 2021,2021,5,3334.765810377198,22915
SRB,Serbia,Jun 2021,2021,6,595.2080368510905,4090
SRB,Serbia,Jul 2021,2021,7,779.4460257639219,5356
SRB,Serbia,Aug 2021,2021,8,5968.8160468086735,41015
SRB,Serbia,Sep 2021,2021,9,26057.596637263778,179056
SRB,Serbia,Oct 2021,2021,10,29216.128478783598,200760
SRB,Serbia,Nov 2021,2021,11,16313.066038841036,112096
SRB,Serbia,Dec 2021,2021,12,6475.10669722553,44494
SRB,Serbia,Jan 2022,2022,1,55076.2441121337,378459
SRB,Serbia,Feb 2022,2022,2,33933.697899468636,233177
SRB,Serbia,Mar 2022,2022,3,9545.448790497976,65592
SRB,Serbia,Apr 2022,2022,4,4334.686206759555,29786
SRB,Serbia,May 2022,2022,5,1615.5023024655147,11101
SRB,Serbia,Jun 2022,2022,6,1738.90973895689,11949
SRB,Serbia,Jul 2022,2022,7,13624.588466032466,93622
SRB,Serbia,Aug 2022,2022,8,23309.161677857985,160170
SRB,Serbia,Sep 2022,2022,9,11430.177222101516,78543
SRB,Serbia,Oct 2022,2022,10,6166.588105997092,42374
SRB,Serbia,Nov 2022,2022,11,654.0012023493399,4494
SVK,Slovakia,Mar 2020,2020,3,64.32229901718007,363
SVK,Slovakia,Apr 2020,2020,4,183.04389775412403,1033
SVK,Slovakia,May 2020,2020,5,22.149552003161187,125
SVK,Slovakia,Jun 2020,2020,6,25.870676739692264,146
SVK,Slovakia,Jul 2020,2020,7,110.74776001580592,625
SVK,Slovakia,Aug 2020,2020,8,287.9441760410954,1625
SVK,Slovakia,Sep 2020,2020,9,1102.8704933414017,6224
SVK,Slovakia,Oct 2020,2020,10,8803.472340968432,49682
SVK,Slovakia,Nov 2020,2020,11,10901.832299539908,61524
SVK,Slovakia,Dec 2020,2020,12,27156.413934371765,153256
SVK,Slovakia,Jan 2021,2021,1,28601.805099890047,161413
SVK,Slovakia,Feb 2021,2021,2,27049.918888340562,152655
SVK,Slovakia,Mar 2021,2021,3,21122.698772294632,119205
SVK,Slovakia,Apr 2021,2021,4,8186.828813200424,46202
SVK,Slovakia,May 2021,2021,5,2999.9353233081506,16930
SVK,Slovakia,Jun 2021,2021,6,709.3172533492337,4003
SVK,Slovakia,Jul 2021,2021,7,253.9224641642398,1433
SVK,Slovakia,Aug 2021,2021,8,588.823690452037,3323
SVK,Slovakia,Sep 2021,2021,9,4359.917816302248,24605
SVK,Slovakia,Oct 2021,2021,10,16754.629920855223,94554
SVK,Slovakia,Nov 2021,2021,11,48068.780560844374,271274
SVK,Slovakia,Dec 2021,2021,12,35595.5704439922,200882
SVK,Slovakia,Jan 2022,2022,1,35123.3419952848,198217
SVK,Slovakia,Feb 2022,2022,2,97468.4834024547,550059
SVK,Slovakia,Mar 2022,2022,3,57372.478384252194,323779
SVK,Slovakia,Apr 2022,2022,4,15214.61586917943,85863
SVK,Slovakia,May 2022,2022,5,2542.414177130853,14348
SVK,Slovakia,Jun 2022,2022,6,1515.3837498482756,8552
SVK,Slovakia,Jul 2022,2022,7,5303.665928052939,29931
SVK,Slovakia,Aug 2022,2022,8,572.1672273456597,3229
SVK,Slovakia,Sep 2022,2022,9,7897.467065831127,44569
SVK,Slovakia,Oct 2022,2022,10,3165.6139722917965,17865
SVK,Slovakia,Nov 2022,2022,11,343.0522614249604,1936
SVN,Slovenia,Feb 2020,2020,2,0,0
SVN,Slovenia,Mar 2020,2020,3,378.329904620295,802
SVN,Slovenia,Apr 2020,2020,4,295.7766211931733,627
SVN,Slovenia,May 2020,2020,5,20.75625411881918,44
SVN,Slovenia,Jun 2020,2020,6,59.910097115682625,127
SVN,Slovenia,Jul 2020,2020,7,262.2835747741696,556
SVN,Slovenia,Aug 2020,2020,8,342.94992600867135,727
SVN,Slovenia,Sep 2020,2020,9,1324.1546661710324,2807
SVN,Slovenia,Oct 2020,2020,10,13499.584639051098,28617
SVN,Slovenia,Nov 2020,2020,11,19580.223629768807,41507
SVN,Slovenia,Dec 2020,2020,12,21859.165985405525,46338
SVN,Slovenia,Jan 2021,2021,1,20907.680427276926,44321
SVN,Slovenia,Feb 2021,2021,2,11136.673800842798,23608
SVN,Slovenia,Mar 2021,2021,3,12039.099121963278,25521
SVN,Slovenia,Apr 2021,2021,4,11647.088958946488,24690
SVN,Slovenia,May 2021,2021,5,6335.374836721398,13430
SVN,Slovenia,Jun 2021,2021,6,1704.3715029839473,3613
SVN,Slovenia,Jul 2021,2021,7,886.85813053136485,1880
SVN,Slovenia,Aug 2021,2021,8,3765.8449234212158,7983
SVN,Slovenia,Sep 2021,2021,9,12343.36693802324,26166
SVN,Slovenia,Oct 2021,2021,10,20042.050283912533,42486
SVN,Slovenia,Nov 2021,2021,11,40119.952279484845,85048
SVN,Slovenia,Dec 2021,2021,12,20355.281027887442,43150
SVN,Slovenia,Jan 2022,2022,1,116410.9794923492,246773
SVN,Slovenia,Feb 2022,2022,2,85760.59642152744,181799
SVN,Slovenia,Mar 2022,2022,3,35610.65607217138,75489
SVN,Slovenia,Apr 2022,2022,4,19788.72963705331,41949
SVN,Slovenia,May 2022,2022,5,7062.78719697638,14972
SVN,Slovenia,Jun 2022,2022,6,6456.1384970490735,13686
SVN,Slovenia,Jul 2022,2022,7,20921.832418721577,44351
SVN,Slovenia,Aug 2022,2022,8,20590.204085868623,43648
SVN,Slovenia,Sep 2022,2022,9,26736.413970279875,56677
SVN,Slovenia,Oct 2022,2022,10,23629.108382083014,50090
SVN,Slovenia,Nov 2022,2022,11,2076.5688779782276,4402
ESP,Spain,Feb 2020,2020,2,0.9462004710312105,45
ESP,Spain,Mar 2020,2020,3,2015.9957502562313,95878
ESP,Spain,Apr 2020,2020,4,2681.8685617365945,127546
ESP,Spain,May 2020,2020,5,555.4407031724545,26416
ESP,Spain,Jun 2020,2020,6,205.8932224963914,9792
ESP,Spain,Jul 2020,2020,7,825.3181041876899,39251
ESP,Spain,Aug 2020,2020,8,3665.7067848377133,174336
ESP,Spain,Sep 2020,2020,9,6441.10200646646,306330
ESP,Spain,Oct 2020,2020,10,8757.400759550863,416490
ESP,Spain,Nov 2020,2020,11,9725.027414581647,462509
ESP,Spain,Dec 2020,2020,12,5889.109678343986,280078
ESP,Spain,Jan 2021,2021,1,17133.671969370356,814854
ESP,Spain,Feb 2021,2021,2,9365.996902518138,445434
ESP,Spain,Mar 2021,2021,3,3577.6260343232752,170147
ESP,Spain,Apr 2021,2021,4,5040.599149277465,239724
ESP,Spain,May 2021,2021,5,3244.689628583093,154313
ESP,Spain,Jun 2021,2021,6,2745.4532333898924,130570
ESP,Spain,Jul 2021,2021,7,13416.786252388421,638084
ESP,Spain,Aug 2021,2021,8,8579.32583090279,408021
ESP,Spain,Sep 2021,2021,9,2187.3211155442823,104026
ESP,Spain,Oct 2021,2021,10,1094.5857315660382,52057
ESP,Spain,Nov 2021,2021,11,3217.8385618829407,153036
ESP,Spain,Dec 2021,2021,12,23773.68634152471,1130644
ESP,Spain,Jan 2022,2022,1,77094.4799253267,3666508
ESP,Spain,Feb 2022,2022,2,21368.80219767465,1016271
ESP,Spain,Mar 2022,2022,3,11160.644822584469,530785
ESP,Spain,Apr 2022,2022,4,8155.049539692394,387843
ESP,Spain,May 2022,2022,5,9043.826155470579,430112
ESP,Spain,Jun 2022,2022,6,8574.132241650686,407774
ESP,Spain,Jul 2022,2022,7,10390.879199384877,494176
ESP,Spain,Aug 2022,2022,8,2438.064240367553,115951
ESP,Spain,Sep 2022,2022,9,1691.6802821410001,80454
ESP,Spain,Oct 2022,2022,10,1866.8325026674443,88784
ESP,Spain,Nov 2022,2022,11,375.8518537707308,17875
SWE,Sweden,Feb 2020,2020,2,1.3270961080157648,14
SWE,Sweden,Mar 2020,2020,3,456.90023147399904,4820
SWE,Sweden,Apr 2020,2020,4,1589.3871745071663,16767
SWE,Sweden,May 2020,2020,5,1617.1614001963533,17060
SWE,Sweden,Jun 2020,2020,6,2773.9152434903804,29263
SWE,Sweden,Jul 2020,2020,7,867.5416843257342,9152
SWE,Sweden,Aug 2020,2020,8,692.2702054885093,7303
SWE,Sweden,Sep 2020,2020,9,804.2202414575534,8484
SWE,Sweden,Oct 2020,2020,10,2985.2079024023187,31492
SWE,Sweden,Nov 2020,2020,11,11258.89379524746,118774
SWE,Sweden,Dec 2020,2020,12,18413.458498718737,194250
SWE,Sweden,Jan 2021,2021,1,12283.032820319055,129578
SWE,Sweden,Feb 2021,2021,2,8564.69911081717,90352
SWE,Sweden,Mar 2021,2021,3,13989.204452331607,147577
SWE,Sweden,Apr 2021,2021,4,15993.214368014558,168718
SWE,Sweden,May 2021,2021,5,8992.877190810543,94869
SWE,Sweden,Jun 2021,2021,6,2039.6519254410866,21517
SWE,Sweden,Jul 2021,2021,7,952.6654203970311,10050
SWE,Sweden,Aug 2021,2021,8,2537.881721421862,26773
SWE,Sweden,Sep 2021,2021,9,2471.526916021074,26073
SWE,Sweden,Oct 2021,2021,10,1765.606579135831,18626
SWE,Sweden,Nov 2021,2021,11,3161.0481367144075,33347
SWE,Sweden,Dec 2021,2021,12,10420.074262402353,109925
SWE,Sweden,Jan 2022,2022,1,71632.09786689207,755672
SWE,Sweden,Feb 2022,2022,2,35138.28199256655,370686
SWE,Sweden,Mar 2022,2022,3,4427.761371815455,46710
SWE,Sweden,Apr 2022,2022,4,1238.4650465161405,13065
SWE,Sweden,May 2022,2022,5,666.4866239613459,7031
SWE,Sweden,Jun 2022,2022,6,1066.511307948955,11251
SWE,Sweden,Jul 2022,2022,7,1944.7645537179594,20516
SWE,Sweden,Aug 2022,2022,8,2342.135045489537,24708
SWE,Sweden,Sep 2022,2022,9,2276.7281658801885,24018
SWE,Sweden,Oct 2022,2022,10,2193.4054888126275,23139
SWE,Sweden,Nov 2022,2022,11,323.9062429349906,3417
CHE,Switzerland,Feb 2020,2020,2,2.059385586886565,18
CHE,Switzerland,Mar 2020,2020,3,1897.7238183159695,16587
CHE,Switzerland,Apr 2020,2020,4,1485.160239076361,12981
CHE,Switzerland,May 2020,2020,5,145.98755604818092,1276
CHE,Switzerland,Jun 2020,2020,6,97.47758444596407,852
CHE,Switzerland,Jul 2020,2020,7,402.4954719259408,3518
CHE,Switzerland,Aug 2020,2020,8,794.5796056070662,6945
CHE,Switzerland,Sep 2020,2020,9,1270.526496798628,11105
CHE,Switzerland,Oct 2020,2020,10,11551.89462901942,100969
CHE,Switzerland,Nov 2020,2020,11,19772.504250629056,172821
CHE,Switzerland,Dec 2020,2020,12,14326.916707349066,125224
CHE,Switzerland,Jan 2021,2021,1,7897.057263847681,69024
CHE,Switzerland,Feb 2021,2021,2,3845.559352579512,33612
CHE,Switzerland,Mar 2021,2021,3,5284.841057192456,46192
CHE,Switzerland,Apr 2021,2021,4,6733.046766015241,58850
CHE,Switzerland,May 2021,2021,5,3977.588850761017,34766
CHE,Switzerland,Jun 2021,2021,6,945.4868050016984,8264
CHE,Switzerland,Jul 2021,2021,7,1677.369560519107,14661
CHE,Switzerland,Aug 2021,2021,8,7093.553654030772,62001
CHE,Switzerland,Sep 2021,2021,9,6944.362609291879,60697
CHE,Switzerland,Oct 2021,2021,10,3683.4399427673866,32195
CHE,Switzerland,Nov 2021,2021,11,16258.162746607133,142104
CHE,Switzerland,Dec 2021,2021,12,36377.101417074664,317953
CHE,Switzerland,Jan 2022,2022,1,101587.66043614811,887924
CHE,Switzerland,Feb 2022,2022,2,66519.52738016064,581412
CHE,Switzerland,Mar 2022,2022,3,79577.86256598757,695548
CHE,Switzerland,Apr 2022,2022,4,13969.384487403482,122099
CHE,Switzerland,May 2022,2022,5,6336.958271470726,55388
CHE,Switzerland,Jun 2022,2022,6,9695.587343061947,84744
CHE,Switzerland,Jul 2022,2022,7,21684.07171650132,189529
CHE,Switzerland,Aug 2022,2022,8,10955.016039753464,95752
CHE,Switzerland,Sep 2022,2022,9,6744.258976432735,58948
CHE,Switzerland,Oct 2022,2022,10,14651.727578525231,128063
CHE,Switzerland,Nov 2022,2022,11,2730.859698521968,23869
UKR,Ukraine,Mar 2020,2020,3,16.24613770115489,645
UKR,Ukraine,Apr 2020,2020,4,245.8582172108107,9761
UKR,Ukraine,May 2020,2020,5,334.14149262561364,13266
UKR,Ukraine,Jun 2020,2020,6,543.6033238237595,21582
UKR,Ukraine,Jul 2020,2020,7,658.6612416824813,26150
UKR,Ukraine,Aug 2020,2020,8,1328.1028662116203,52728
UKR,Ukraine,Sep 2020,2020,9,2274.8119075071363,90314
UKR,Ukraine,Oct 2020,2020,10,4656.823136031506,184884
UKR,Ukraine,Nov 2020,2020,11,8891.624508988823,353013
UKR,Ukraine,Dec 2020,2020,12,8429.20149805006,334654
UKR,Ukraine,Jan 2021,2021,1,4396.507115657186,174549
UKR,Ukraine,Feb 2021,2021,2,3374.713211590906,133982
UKR,Ukraine,Mar 2021,2021,3,8299.408711113547,329501
UKR,Ukraine,Apr 2021,2021,4,10050.96904559155,399041
UKR,Ukraine,May 2021,2021,5,3446.4229077694927,136829
UKR,Ukraine,Jun 2021,2021,6,987.412542884766,39202
UKR,Ukraine,Jul 2021,2021,7,838.9555884497164,33308
UKR,Ukraine,Aug 2021,2021,8,1288.482440469114,51155
UKR,Ukraine,Sep 2021,2021,9,3746.3593538863183,148737
UKR,Ukraine,Oct 2021,2021,10,13218.739207023247,524807
UKR,Ukraine,Nov 2021,2021,11,13815.866627924455,548514
UKR,Ukraine,Dec 2021,2021,12,6060.287930928173,240604
UKR,Ukraine,Jan 2022,2022,1,10276.122882662283,407980
UKR,Ukraine,Feb 2022,2022,2,20431.445026697063,811164
UKR,Ukraine,Mar 2022,2022,3,3307.7640115759145,131324
UKR,Ukraine,Apr 2022,2022,4,895.9556033609002,35571
UKR,Ukraine,May 2022,2022,5,276.00802624690743,10958
UKR,Ukraine,Jun 2022,2022,6,1077.9627212346138,42797
UKR,Ukraine,Jul 2022,2022,7,192.00667859830037,7623
UKR,Ukraine,Aug 2022,2022,8,872.0019956805927,34620
UKR,Ukraine,Sep 2022,2022,9,3746.989049146053,148762
UKR,Ukraine,Oct 2022,2022,10,3100.040139294637,123077
UKR,Ukraine,Nov 2022,2022,11,420.83793598588517,16708
GBR,United Kingdom,Jan 2020,2020,1,0.029625707624839473,2
GBR,United Kingdom,Feb 2020,2020,2,0.8739583749327644,59
GBR,United Kingdom,Mar 2020,2020,3,569.1542820346035,38423
GBR,United Kingdom,Apr 2020,2020,4,2059.860638301276,139059
GBR,United Kingdom,May 2020,2020,5,1164.319935363816,78602
GBR,United Kingdom,Jun 2020,2020,6,408.31631533935007,27565
GBR,United Kingdom,Jul 2020,2020,7,288.4210765816247,19471
GBR,United Kingdom,Aug 2020,2020,8,484.26181683562606,32692
GBR,United Kingdom,Sep 2020,2020,9,1738.8957218937653,117391
GBR,United Kingdom,Oct 2020,2020,10,8271.438317439932,558396
GBR,United Kingdom,Nov 2020,2020,11,9154.299217513959,617997
GBR,United Kingdom,Dec 2020,2020,12,12726.06340588748,859123
GBR,United Kingdom,Jan 2021,2021,1,19677.335753003128,1328396
GBR,United Kingdom,Feb 2021,2021,2,5323.41377739978,359378
GBR,United Kingdom,Mar 2021,2021,3,2506.838502091042,169234
GBR,United Kingdom,Apr 2021,2021,4,1121.258969331112,75695
GBR,United Kingdom,May 2021,2021,5,1082.5233566116342,73080
GBR,United Kingdom,Jun 2021,2021,6,4644.836944252832,313568
GBR,United Kingdom,Jul 2021,2021,7,15636.759554320337,1055621
GBR,United Kingdom,Aug 2021,2021,8,13821.177688239672,933053
GBR,United Kingdom,Sep 2021,2021,9,15071.412175715523,1017455
GBR,United Kingdom,Oct 2021,2021,10,18524.851287835434,1250593
GBR,United Kingdom,Nov 2021,2021,11,17347.970052438686,1171143
GBR,United Kingdom,Dec 2021,2021,12,40129.70964317968,2709114
GBR,United Kingdom,Jan 2022,2022,1,52298.79493286637,3530636
GBR,United Kingdom,Feb 2022,2022,2,23268.14927137942,1570808
GBR,United Kingdom,Mar 2022,2022,3,33487.774122228795,2260724
GBR,United Kingdom,Apr 2022,2022,4,13196.99365429193,890915
GBR,United Kingdom,May 2022,2022,5,3942.91505349751,266182
GBR,United Kingdom,Jun 2022,2022,6,6217.813890593684,419758
GBR,United Kingdom,Jul 2022,2022,7,8652.75080027924,584138
GBR,United Kingdom,Aug 2022,2022,8,3219.02570053837,217313
GBR,United Kingdom,Sep 2022,2022,9,2237.629696904125,151060
GBR,United Kingdom,Oct 2022,2022,10,3342.2686442577024,225633
GBR,United Kingdom,Nov 2022,2022,11,467.3751634894675,31552
